composition,oxide_SIO2,oxide_AL2O3,oxide_B2O3,oxide_CAO,oxide_K2O,oxide_NA2O,oxide_PBO,oxide_Li2O,oxide_MgO,oxide_SRO,oxide_BAO,oxide_ZNO,oxide_P2O5,oxide_GEO2,oxide_ZRO2,oxide_TIO2,oxide_TEO2,oxide_Bi2O3,oxide_WO3,oxide_RO,oxide_FemOn,oxide_R2O3,oxide_R2O5,oxide_RO2,ND300_pred,NUD300_pred,DENSITY_pred,TG_pred,PbO,glass_family,pareto_rank,distance_to_training,feasible,anomaly_oxide
BAO=0.90; K2O=1.72; R2O3=31.89; R2O5=52.74; RO2=1.03; SIO2=9.31; TIO2=1.61,9.305424297609006,0.0120751475265827,0.13163999671508508,0.007508719584939259,1.7169069509077217,0.020935674948389382,0.0,0.012228809477147858,0.0035752923320858505,0.29098759585898587,0.8989304374816742,0.02108087230129242,0.0008687475399364632,0.12051061576267826,0.021711235467052555,1.6075898967880686,0.00011900593491427313,0.00010379801279946317,0.02105104695413493,0.04661740869533368,0.09553286968629474,31.89311896647426,52.742065795948434,1.0294168179931678,2.2316207885742188,22.34313201904297,4.004507630385917,595.5262451171875,0.0,uncertain,1,0.6279402317340906,True,False
R2O3=31.15; R2O5=50.03; SIO2=11.04; ZRO2=5.78,11.043982073694327,0.015336486134088235,0.10042664925124616,0.0024797346759399983,0.011010473259283204,0.0005215167188258267,0.0,0.011947168015811065,0.022214317040062947,0.48759722700901925,0.2499515508474579,0.18549052467364965,0.017918806443162308,0.0018600561041291286,5.775785194825565,0.19372772240329694,4.022720537553273e-06,0.0025842541045497875,0.38088159174973374,0.1015418332664353,0.09245446442190725,31.150378964804702,50.03435875677419,0.11754661106209016,2.188842296600342,19.228469848632812,4.47017336990746,664.31494140625,0.0,uncertain,2,1.5595293637511622,True,False
AL2O3=1.29; B2O3=0.79; BAO=0.55; R2O3=30.66; R2O5=53.47; SIO2=11.19; ZRO2=0.51,11.192948209071714,1.2868083296604547,0.7858222575779478,0.3489038191366938,0.26265092301531834,0.020467998398634276,0.0,0.012726847232121046,9.49811588397551e-06,0.03718541533859214,0.5502984475768374,0.4969664764970917,0.0008496439866637546,0.00913601366629635,0.5078335386673415,0.04015344882079555,1.0682328924211618e-07,0.00037262016879387254,0.018743414845354467,0.12147856544645037,0.09208389155227883,30.659606021822654,53.466641227750614,0.08831328482818392,2.175081729888916,24.372041702270508,3.972745525214724,584.6455078125,0.0,uncertain,3,0.5749866984768919,True,False
R2O3=32.15; R2O5=48.69; SIO2=11.40; SRO=0.50; ZRO2=5.96,11.399515480328965,0.01583020598302252,0.10242851639403364,0.0025595635375774096,0.005084677973619259,0.010493830082426504,0.0,0.012331777237009922,0.0048294314573802235,0.5032942013455712,0.25649937060120115,0.017775443027063517,0.018751448285352752,0.00268693884204168,5.961722166889062,0.12211391844078315,6.95179560953139e-05,0.0026674477080226326,0.39314312286555786,0.10481071886007753,0.0975443641214594,32.153187578347875,48.691329549231,0.12133073048481231,2.1491308212280273,20.93854522705078,4.585523321525567,668.5914306640625,0.0,uncertain,4,1.5308751542258556,True,False
AL2O3=9.51; R2O3=30.07; R2O5=52.23; SIO2=7.18,7.183994375854033,9.511859643030823,0.10978177358133051,0.02496238453149824,0.00400106031119665,0.019591832486495205,0.0,0.014850796978617504,0.1311199293056052,0.04051838071775025,0.08447398226699347,0.014531553718678423,0.09194395991551574,0.07235939943981573,0.2527800916148155,0.0014534593896094136,7.867303513388483e-09,0.000591095851829877,0.017804763786067143,0.11802778241795137,0.001391185873397464,30.067595067855247,52.23193487532883,0.004432597876595314,2.134561777114868,27.86328125,3.6524329927877206,587.5313720703125,0.0,uncertain,5,0.8321955135036042,True,False
BAO=0.83; CAO=4.02; K2O=1.57; MgO=4.85; R2O3=29.26; R2O5=47.43; RO2=0.94; SIO2=8.54; TIO2=1.47,8.536154668515788,0.44574979481868965,0.12075745678911244,4.0163071882828065,1.5749720609906956,0.01920494474337317,0.0,0.015267841848172516,4.854227609613863,0.2432318171629687,0.8319697549714271,0.01933813878398858,0.0007969290955056932,0.11054813004202485,0.01656074176954147,1.4746921326362588,1.6378154849019988e-05,0.00014666102372040102,0.01931077906687779,0.06713618190063625,0.0013513548266515262,29.256548401468475,47.431395019982006,0.9443160135125597,2.1259255409240723,30.54222297668457,3.8819662444044596,604.9588012695312,0.0,uncertain,6,1.7073327817470065,True,False
AL2O3=0.53; R2O5=51.66; RO2=1.36; SIO2=45.06,45.061837042323646,0.533251245701963,0.12698216461905112,0.02431386596279974,5.417749866761688e-06,0.018402769736795496,0.0,0.001573382771413241,0.00788707531808829,0.48378131506610034,0.08185893854858206,0.1703823164403622,0.005123548561318318,0.009924860094852325,0.2810236943597122,0.052328803625976514,2.325672950002059e-07,9.46475063202586e-05,0.04617507914168197,0.05147690777197188,0.0003715072309693807,0.023228093361227393,51.66047014749624,1.359506944043761,2.107084274291992,31.34541893005371,3.31760162221896,664.8729248046875,0.0,uncertain,7,0.6510426130405895,True,False
AL2O3=9.71; B2O3=3.72; BAO=3.15; R2O3=13.53; R2O5=53.27; RO=1.26; SIO2=9.52; SRO=0.61; TEO2=1.99; TIO2=1.53; ZNO=0.51,9.517690296853656,9.705836399382326,3.719350013111152,0.19049262833101827,0.00787410459763026,0.3106586185568396,0.0,0.015861676161052527,0.2716500524202413,0.606221281862118,3.1534442276457457,0.5119518816507851,0.00047236315457964987,0.05743160354860171,0.24617637767611064,1.5348433640663408,1.9888979570669836,0.007282365163757369,0.002986526626757992,1.264110329597152,0.0028788084305792637,13.530816634401457,53.26970632404359,0.08336616565151476,2.0988035202026367,39.561607360839844,3.4310131235141985,461.33856201171875,0.0,uncertain,8,1.3273635602375369,True,False
CAO=4.86; R2O5=45.77; RO2=1.71; SIO2=45.98,45.97983775493539,0.4037226680638496,0.159289712761094,4.855696092110871,0.11445508726195056,0.018560838221073638,0.0,0.3910678678865927,0.0001692246207800984,0.07178047408743736,0.27269038623419833,0.026202409253655554,0.005433560906468926,0.07067268651207165,0.004388671688641683,0.029964272678319918,1.615047310224763e-10,0.006088705130714454,0.02846297489926736,0.05496025862718439,0.0006456334282278735,0.026927318036355043,45.76909826359459,1.7098851388997631,2.073606014251709,32.22645568847656,3.2713569847725217,639.3757934570312,0.0,uncertain,9,0.8730385369820846,True,False
Bi2O3=0.54; CAO=0.86; R2O5=48.48; RO2=0.88; SIO2=46.38; TIO2=1.43; ZNO=0.51,46.38312952884359,0.03422098461294235,0.10625131517560435,0.8595361955860633,0.07727756834835507,0.0010167608642394853,0.0,0.19008196080189546,0.3337177675100993,0.010503392809254962,0.011809511015564676,0.5133839292748249,0.03273857193648587,0.005142203394977103,0.010654406259100517,1.4264450173776635,0.00048116475935284944,0.543767350357155,0.0272325103581187,0.04335156609315254,0.0191569059630944,0.00917293211271345,48.484950685163575,0.8759777713821745,2.0648956298828125,36.49272155761719,3.37858387876579,613.0732421875,0.0,uncertain,10,0.4937992564881054,True,False
BAO=29.58; K2O=1.55; R2O3=2.75; R2O5=47.66; RO2=0.92; SIO2=8.38; TEO2=6.60; TIO2=1.45,8.384518803049671,0.010912252670576777,0.11896243110459419,0.006785593729847704,1.5515605435817612,0.3048901529394729,0.0,0.015220890134959135,0.003121433270527556,0.26296408909511365,29.581548809740056,0.05303661063583726,0.000785082968291613,0.0007157574293466066,0.17244551358355198,1.4527712482020831,6.598721880515253,9.38017643161709e-05,0.020431348806770222,0.031593423634568865,0.08633259428650288,2.754885358348659,47.66275087460172,0.9249515059065269,2.0545260906219482,30.668474197387695,2.772335784165344,455.98211669921875,0.0,uncertain,11,2.3821836063068416,True,False
BAO=20.17; R2O3=37.10; R2O5=34.15; SIO2=8.01,8.005275059606491,0.008630646367441198,0.0793650500843107,0.03946075326213053,0.012225151308444069,0.0008266606293563548,0.0,0.04217909846690907,0.22317989058022522,0.003187797159120903,20.172866819823692,0.007641036538428729,0.0039696859034386,0.046139015552644776,0.02715968543334781,0.03927559476637306,0.005769518163266928,0.004405008875757245,0.018068562687889447,0.00607380188370341,0.0005763411813339223,37.09621182857732,34.14558264826233,0.011930344886045252,2.041599750518799,31.13102912902832,2.01014440955196,598.9874877929688,0.0,uncertain,12,1.971637167029696,True,False
B2O3=3.54; BAO=31.89; MgO=4.47; R2O5=50.14; SIO2=6.90; SRO=0.59; TIO2=1.50,6.901014804174466,0.30282687471159797,3.535081569303115,0.03815290590370617,0.006497116675473639,0.04226579438157035,0.0,0.012223745188619697,4.469441799840838,0.5915832222549642,31.891257746052837,0.008635510707788292,0.003573295529524822,0.07262231488178497,0.2845694055905545,1.5022102106132151,5.194664377470722e-06,0.00681778184870435,0.002619343687581723,0.0024648622535658163,0.0005411741314046906,0.18469937330692032,50.13982669965353,0.0010692546438666084,2.029003620147705,34.418949127197266,2.4813228104991274,498.86614990234375,0.0,uncertain,13,2.9884073458804905,True,False
BAO=24.72; GEO2=1.53; R2O3=23.66; R2O5=35.83; SIO2=8.40; ZRO2=4.37,8.395110240238719,0.013282418357667166,0.07503453056245445,0.188613867215077,0.18757265014634802,0.007687308590978485,0.0,0.009033706125550203,0.0035378245731301373,0.36869072658920315,24.717508497644406,0.011290310773605233,0.013736468797858541,1.5313425743708986,4.367289890399665,0.08945517193764346,5.112130950754011e-05,0.0019540523832387744,0.28799899389924966,0.07677962509312888,0.07024286098789674,23.660572440626705,35.83433327575931,0.08888144361776455,2.0027689933776855,29.336265563964844,2.3328956218568813,606.1317138671875,0.0,uncertain,14,2.698977686511342,True,False
BAO=16.23; R2O3=49.28; R2O5=28.25; SIO2=5.54,5.542279493142975,0.2927302746656873,0.06053268422237542,0.004998155648684008,0.0007793878351037283,0.000621242287764792,0.0,0.0017221886230782632,0.0002305114621361782,0.11127432307704684,16.234944524869057,0.01643603341850646,0.007572594177757121,0.0006704423161872852,0.0017604927455726165,0.10846239600190175,0.001369827789176829,0.001381306973718268,0.004945305767506525,0.00609783674877179,0.00040202193603439395,49.27860176844296,28.247114592723037,0.07507259512496622,1.9777896404266357,36.7385368347168,4.053378172573428,559.9981689453125,0.0,uncertain,15,1.5335959421328054,True,False
R2O3=76.82; RO2=9.38; SIO2=12.89,12.890548492551652,0.018929832180814742,0.3944567736783291,0.028762615247008662,0.02567819205515693,0.01649061534162591,0.0,0.017022507709888286,0.014375657913928166,0.010747123182120812,0.23527292574551964,0.026234156988714116,0.011192663940258966,0.06012682340220814,0.004037840903870608,0.012413502546988706,1.321875250604997e-05,1.2870966123247396e-06,0.02019476186121516,0.0015649708098192912,0.0004645797608455247,76.81929473981356,0.0170646114302342,9.375112107087128,1.9534249305725098,43.87664031982422,5.135625361042861,545.2601928710938,0.0,uncertain,16,0.9869782873722001,True,False
B2O3=22.52; BAO=22.74; CAO=3.22; R2O3=6.73; R2O5=38.01; SIO2=5.96,5.958688025489076,0.025980021063262092,22.524270407827256,3.22441132948761,0.005768990681202483,0.015138746602880242,0.0,0.06151313310377068,0.030266244431030653,0.17485734429935404,22.737358325806863,0.055456593299846355,0.06688698366550724,4.306798817995482e-05,0.2008175149884503,0.026759816655390612,0.0005689942911551204,0.00034291172403320627,0.014950593823663443,0.1367921158240227,3.778503532982674e-07,6.72787409890624,38.01011157586488,0.0011427863259729108,1.9310925006866455,36.86445617675781,0.5365586134885412,457.564697265625,0.0,uncertain,17,2.053027969307387,True,False
B2O3=21.93; BAO=19.67; CAO=2.49; K2O=1.09; Li2O=0.96; R2O3=2.45; R2O5=32.75; SIO2=10.85; TIO2=0.96; ZRO2=6.17,10.852629324640569,0.0041650724654714675,21.930112980924296,2.4888109309076243,1.086682255441849,0.013281311148026205,0.0,0.9602076479495805,0.4026333023452536,0.0023133710133708962,19.672821288410464,0.1294869127550958,0.003282555320375995,0.08277153637147916,6.169126574268381,0.9612367571566292,0.0,0.00020475928420138402,0.0033459872958092403,0.034199967651997176,7.749187435420951e-05,2.4499547815422393,32.75174750368895,0.0009076875439640829,1.9049638509750366,38.453460693359375,0.06407114344914033,546.5684814453125,0.0,uncertain,18,2.951889145759394,True,False
BAO=17.80; CAO=2.31; MgO=3.47; R2O3=58.74; RO2=7.94; SIO2=8.56,8.559753679219968,0.00689066695162904,0.14243009406849302,2.3127110011790193,0.4271331904261043,0.003618540696846856,0.0,0.010242973267492924,3.4741136038173996,0.29707448410335746,17.800483525505868,0.03469011068188899,0.06893388682366196,0.00022537019174305987,0.007032478043032856,0.022337554465255836,7.145166994245553e-10,0.003963275638092438,0.031099288345184228,0.052611724768554684,8.94222413626839e-05,58.743691019532285,0.05673964869528708,7.944134460622945,1.8943036794662476,48.95947265625,124.58026223797242,562.6552124023438,0.0,uncertain,19,2.1842107458431075,True,False
BAO=18.72; CAO=2.22; MgO=3.33; R2O3=57.42; RO2=7.62; SIO2=9.82,9.815010110395015,0.0071666119246383145,0.13669249510695183,2.219546643425183,0.39970732083767196,0.0034727727994070152,0.0,0.06736207160059998,3.3341637516748244,0.03441292106270797,18.719943112929315,0.03329266764623082,0.011102830291326306,0.003061944217866947,0.007614470191873718,0.0214377170387525,6.857333843573708e-10,0.003803620571274288,0.02984649661123936,0.05130592095322844,6.364008496331712e-05,57.42266208711493,0.0542147800681257,7.624116012768136,1.8896886110305786,48.47576904296875,130.73193553667113,578.2335815429688,0.0,uncertain,20,2.097482030279314,True,False
BAO=19.23; R2O3=56.20; R2O5=4.05; RO2=7.81; SIO2=6.57; ZRO2=5.28,6.570029395010009,0.46193074308570825,0.06681302007742897,0.004210387638494305,0.0007596809895069047,0.010160168487013364,0.0,0.000919946321980392,0.13668971523459328,0.004201524644718438,19.228776509805297,0.016880903468337306,0.009421612360115258,0.002802146198850032,5.284799791093488,0.02022055411578124,3.4666303248482885e-06,0.004481134598640859,0.0174728039881521,0.10025176490187993,6.12152312293545e-05,56.20014425070043,4.049172865271965,7.80979640014606,1.8862286806106567,43.27493667602539,99.41259839153983,632.5880737304688,0.0,uncertain,21,2.1273388944627625,True,False
R2O3=63.25; SIO2=35.74,35.74107749876643,0.01874271305021525,0.32427473299134313,0.009163145318536688,0.04025129688646887,0.013574262619787758,0.0,0.013430971107013674,0.011833021312663842,0.1015750126686462,0.19372692159988045,0.022042031003716503,0.009216191462649202,0.049364019836152497,0.0033248130261406754,0.01074969796909585,1.0884500297997132e-05,0.0001112874315943557,1.6638501360082836e-05,0.0012886182140136738,0.004098745008169554,63.25405034285535,0.014123677168420697,0.16395347670204286,1.884132981300354,33.04609680175781,6.106686947810022,664.484130859375,0.0,uncertain,22,0.09341898649647508,True,False
BAO=19.07; R2O3=55.61; R2O5=4.02; RO2=7.06; SIO2=8.25; ZRO2=5.24,8.247850840305551,0.45805649051321945,0.06625265357490612,0.009058411227439552,0.000677187878297761,0.010074954286644745,0.0,0.004826078064123335,0.04038386846476774,0.004166286098882673,19.067503119856656,0.016739321890000994,0.0006486469127408587,0.002778644359490165,5.240475724137128,0.020052392640531196,3.4375554004035666e-06,0.004443550940254148,0.017326258089631702,0.09941094479219612,0.0007124218337183127,55.60953149176816,4.015212106815104,7.063815167995155,1.880185842514038,43.61483383178711,98.59546266928102,653.0789184570312,0.0,uncertain,23,2.1255758452191365,True,False
R2O3=38.98; R2O5=3.40; RO2=5.10; SIO2=42.63; SRO=0.62; ZRO2=7.23,42.625420646508516,0.019191599397829863,0.12567076998246635,0.2402253430364027,0.01377816209822719,0.02388679689831795,0.0,0.014950312639632757,0.32381070396360373,0.6156336515970859,0.3127815583563528,0.23211704496752358,0.022335859168370754,0.00231251147341246,7.22763706743956,0.0082713930752122,3.633067373290654e-05,0.00037506181956080485,0.47662331925051743,0.12706627640338,0.1156946270620838,38.980610614209596,3.3962392186232497,5.09533113135537,1.870273470878601,37.29866027832031,4.051846173587975,761.1734008789062,0.0,uncertain,24,1.1057739675475342,True,False
R2O3=61.59; RO2=2.87; SIO2=34.80,34.799079137582936,0.01870194460848688,0.3162405472877905,0.02305932054942902,0.03945827456768926,0.013220716612667252,0.0,0.013647140862069702,0.011521148043460827,0.00861609267142344,0.1886210194996847,0.02141582469322455,0.008973287838535786,0.04820436815440917,0.0032371836472565568,0.010466376967638764,1.0597626421758553e-05,0.00010835431973767424,1.6199973981766155e-05,0.001254655157196655,0.00037245895528321884,61.586915048368375,0.013680895900526466,2.87317940611176,1.8606517314910889,45.031856536865234,6.1229260720043674,680.1298828125,0.0,uncertain,25,0.17151261539591695,True,False
B2O3=0.84; BAO=19.03; CAO=2.29; R2O3=59.19; R2O5=0.53; RO2=7.65; SIO2=10.13,10.134411240813872,0.0073876171406416545,0.8391126330615992,2.287993406068108,0.010265259156140584,0.0035798667666448476,0.0,0.06943939479614533,0.009787450866936215,0.033879343852730115,19.03223968246618,0.0343193526798081,0.06280429694661752,9.223198491936755e-05,0.007849286538454531,0.02209881705848143,0.0005485945677297502,0.003884814882164034,0.014164351112766989,0.05288810180266669,6.560262889226005e-05,59.1934720558283,0.527371985301592,7.652344613678605,1.8567535877227783,48.78054428100586,178.43770174614968,584.2671508789062,0.0,uncertain,26,1.5487190663063792,True,False
B2O3=0.83; BAO=22.09; CAO=2.26; R2O3=58.36; R2O5=0.52; RO2=7.58; SIO2=7.54,7.535072796500672,0.007283073256986778,0.8272381555657999,2.2556154806973936,0.15660611281573678,0.0035292072417091023,0.0,0.15190233258950997,0.009648946379598646,0.033399909399832124,22.093207644390326,0.008647367034151476,0.06630010745432105,5.669953142148953e-05,0.0077382094640707465,0.02178609157264614,0.0005677879712869727,0.0038298399657153434,0.2519198881163227,0.05232004254821825,0.06024565564884143,58.3558115033223,0.5199090220179502,7.577364126515188,1.8519583940505981,45.542388916015625,142.46784180750882,585.488525390625,0.0,uncertain,27,1.6532370275766568,True,False
B2O3=1.17; BAO=2.60; CAO=0.63; GEO2=1.45; MgO=0.57; R2O3=59.42; R2O5=4.14; SIO2=19.93; ZNO=0.73; ZRO2=8.44,19.929235734998947,0.0719911342054409,1.166991669608609,0.6317158596764937,0.2211181810522906,0.05544903851742591,0.0,0.007415378818585911,0.5684138371818626,0.24048421468376796,2.60352488324294,0.7293525248127608,0.0012326599282749793,1.4544864493406435,8.442807897293266,1.0307747265341963e-07,4.0819406394607405e-08,0.010097917605895238,0.012624483075101556,0.16726182743214346,1.3090189305922268e-05,59.41875638927616,4.139893376362295,0.12713330880092077,1.8492225408554077,45.25004196166992,22.040541262005558,719.76220703125,0.0,lanthanum,28,1.2917627969909966,True,False
BAO=14.71; CAO=2.01; MgO=3.05; NA2O=0.67; R2O3=57.38; RO2=7.31; SIO2=8.73; ZRO2=4.98,8.733411120514214,0.007924492513966357,0.12445845943418185,2.0126844160983914,0.35546372729658626,0.674478130377224,0.0,0.06148063671706868,3.047889403384264,0.28909862843532047,14.705705334998845,0.20695606548298912,0.004846183790246139,0.002778177804752176,4.981587760790954,0.0007719396271007031,1.4069650326131118e-08,0.004021827003957371,0.01590911325946045,0.07096787053942594,0.001608174257096194,57.376325306205445,0.009215155194150799,7.312418062204702,1.8488930463790894,48.387935638427734,27.311953561674855,591.7752685546875,0.0,uncertain,29,2.219540663351248,True,False
B2O3=0.80; BAO=18.16; CAO=2.18; R2O3=56.36; R2O5=0.50; RO2=7.29; SIO2=9.58; TEO2=4.74,9.57627818167435,0.0075704983938923755,0.7990035599358061,2.178628713868818,0.009774586016532836,0.003408751314122023,0.0,0.06533929439323286,0.009319616672729498,0.0322599318375814,18.157474691873404,0.03267890851054096,0.05690577846813914,8.782335217816988e-05,0.004448250413629862,0.09922625754011404,4.743397784020895,0.003581257322993608,0.013520831110355628,0.050360082727387415,0.0039439560590609915,56.36406012027649,0.5021639253945696,7.286567198823176,1.8336048126220703,46.50613784790039,59.80290532516999,552.7938842773438,0.0,uncertain,30,1.593914511675321,True,False
BAO=0.56; R2O3=60.03; R2O5=1.81; RO2=2.80; SIO2=33.75,33.74650540528922,0.35726190235929783,0.3089973036899698,0.13545662956676183,0.000949342151884958,0.013497099930714313,0.0,0.0020977312959565464,0.000280777088943636,0.13848597867332404,0.555027700324294,0.02002009606924562,0.009073354866713346,0.0005369580807286652,0.002144388064816705,0.021811421987834013,0.0016688288269812528,9.41932456403412e-05,0.006023685522919294,0.04004926490781478,0.0004896873580392155,60.029069290082305,1.8055820670621507,2.8048768935544266,1.8176721334457397,48.14967346191406,17.305114066537406,650.9767456054688,0.0,uncertain,31,0.28918881173599315,True,False
BAO=15.82; R2O3=48.50; R2O5=0.99; RO2=6.35; SIO2=24.16; ZRO2=3.21,24.15556297878808,0.0006073876307124873,0.06566838110648208,0.05123375155457458,0.01625319177290852,0.23346582660759072,0.0,0.034271302629492656,0.18510885993963871,0.0,15.821723480176747,0.31216595564569916,0.009377343577564472,0.001037698263078956,3.2102211077977123,0.014975360064620465,2.8371943762729478e-08,0.0038890870022699007,0.01198645478289215,0.02548451728616246,0.0006706287774647981,48.50428017547303,0.9873040403209274,6.3547124424304196,1.8045756816864014,47.21650695800781,35.340826981806,715.0056762695312,0.0,uncertain,32,1.7981268640103416,True,False
BAO=0.62; R2O5=49.11; SIO2=47.37; ZNO=1.07,47.37048496691287,0.46811861195137455,0.14308096973036297,0.02925092285839883,0.00031945693523181205,0.01877298047633893,0.0,0.05817315284305535,0.2577169624261888,0.03125780927675089,0.623149680729453,1.0749116211692409,0.13807682172654354,0.09769074979877565,0.27666759158009024,0.03960902488788814,5.134291999353048e-06,0.0063348938588880434,0.002578565922269458,0.17110119049844544,0.005345732143646439,0.00823018857917805,49.106838948045414,0.07228402335760874,1.8025568723678589,42.66330337524414,3.261935047457525,647.9696655273438,0.0,uncertain,33,0.43989369178385607,True,False
AL2O3=1.85; B2O3=0.88; BAO=2.54; CAO=0.61; MgO=0.55; R2O3=56.39; R2O5=1.30; RO=3.05; RO2=1.66; SIO2=19.26; ZNO=0.71; ZRO2=10.55,19.256909790684958,1.8533069032275133,0.8846161935477526,0.6104045074729946,0.2136586130157755,0.05357842854129612,0.0,0.12512135496138097,0.5486446595035903,0.23237132069827857,2.542539009091512,0.7093856174611538,0.00016566500418450204,0.011508746534540907,10.547698127289662,7.503199360154225e-08,2.998152830739938e-06,0.00020345581882998524,0.012198587791518866,3.0493359454812383,4.8225668457398775e-06,56.38924374020522,1.3029370630311343,1.6561643748857917,1.7977769374847412,48.38518524169922,21.682910114365843,688.7180786132812,0.0,lanthanum,34,1.3866254363374564,True,False
AL2O3=0.57; BAO=24.78; R2O3=42.24; RO=0.87; SIO2=22.02; TIO2=1.17; ZRO2=7.53,22.021676867212662,0.5658476808334579,0.08996214186482958,0.06805846509621581,0.005664587309280871,0.0,0.0,0.011009663382936984,0.20270223785094876,0.15574154446807814,24.777886601367978,0.08321840606090337,0.07608785295388104,0.000198974150354956,7.530688989938426,1.1734566341956192,1.760602567713521e-08,0.005095352483080082,0.09768616575594966,0.8706104256360089,0.0023409787324869956,42.23669331270881,0.011048330683805804,0.01432476970826534,1.786666989326477,47.08300018310547,32.24350242413921,730.7445068359375,0.0,uncertain,35,2.132170134081994,True,False
B2O3=0.74; BAO=20.99; R2O3=29.64; R2O5=5.30; RO=0.91; SIO2=34.60; ZRO2=7.51,34.597778266151074,0.009519039716401546,0.7418856535523723,0.010042382461166646,8.489597155990239e-06,0.0037372401623442615,0.0,0.00021780765214479613,0.001341702630117999,0.10469435579532804,20.991189134529808,0.012922681921226161,0.014230682560086024,0.053649970971528974,7.511863097071913,0.03695745928512298,2.72644721937848e-06,0.004741663234053913,0.006058100459115066,0.912601376569994,4.328960537075945e-07,29.639351730284773,5.3017527026017035,0.04545330344928671,1.7849853038787842,43.98136901855469,0.7912836467831799,752.9193725585938,0.0,uncertain,36,1.6590727833126984,True,False
B2O3=0.54; BAO=0.56; R2O3=60.79; R2O5=1.83; RO2=0.93; SIO2=34.55,34.54552894229967,0.3617817167316631,0.5417561885461037,0.13717032704501203,7.556253557478688e-05,0.01346088840742984,0.0,0.0021242702467884475,0.0064588837430100444,0.14023800124456717,0.5620495018665801,0.04710719291485884,0.009188144267601932,0.0005437512787568005,0.002171517282713383,0.02130836282727226,0.001689941619773868,0.006135070475812217,0.007643510426607862,0.04142220867372463,0.0004958825217110624,60.78851284772243,1.82842496109395,0.9347123262283921,1.778847575187683,47.89130783081055,17.29792798549181,663.0204467773438,0.0,uncertain,37,0.24022283482917853,True,False
B2O3=6.81; BAO=23.94; CAO=0.66; R2O3=41.06; R2O5=2.06; RO=0.92; SIO2=19.92; ZRO2=3.85,19.92289622674579,0.23928154321986975,6.81143348849006,0.6574031980677958,0.004992121455678455,0.015002329781266702,0.0,0.001179548114673447,0.3355841241694186,0.12000614832627877,23.939671199701408,0.0028301373050787014,0.018769436564044457,0.03773843265497515,3.8479046127622136,0.0012927733857971816,0.0,0.00035666263497774036,0.003904189384722389,0.9206939838943962,1.689833904644163e-05,41.058486164592054,2.060434907652397,0.00012187275806176707,1.7698414325714111,52.16398239135742,61.8744313051163,655.3997802734375,0.0,uncertain,38,1.9337199593003283,True,False
BAO=1.19; CAO=0.59; R2O5=48.98; SIO2=48.03,48.032959811757244,0.03370946925897021,0.13989761577369858,0.5938830330019944,0.018246792343392017,0.018864596296217357,0.0,0.01072424437890343,0.1724319861081989,0.009176399793584582,1.190590411571823,0.49410989528410515,0.13688650675827163,0.00019298284394408296,0.03765288218629685,0.03506340786924479,2.1500600689951088e-08,0.00627947538962979,0.026577408741082775,9.30036558640023e-05,0.017995706601119987,0.0003924535215766858,48.984765919499196,0.03950597586502538,1.768056035041809,44.79596710205078,3.279804173217925,641.5301513671875,0.0,uncertain,39,0.3808135544798327,True,False
BAO=20.69; R2O3=40.40; R2O5=3.24; SIO2=34.39,34.3888761310634,0.02805141033510245,0.09900341507986027,0.4309721533601103,0.012843893514082196,0.013350187900625613,0.0,0.007589384649556308,0.11748659794606879,0.006493998576591897,20.686118172819498,0.35080747846830557,0.09687249902345475,0.0001365710237206198,0.026646372087378068,0.024813840494670676,1.5215648120957833e-08,0.004162967539056349,0.01929236814984109,6.58172728286009e-05,0.012735287877729649,40.4046077446807,3.2411159146203286,0.027957778301432493,1.761997938156128,38.82725143432617,0.07592806553215059,715.9462280273438,0.0,uncertain,40,1.7931261089730852,True,False
B2O3=6.80; BAO=23.04; R2O3=39.34; RO=0.55; SIO2=19.16; TIO2=3.88; ZRO2=6.86,19.158222086295183,0.007897283596457689,6.80322157064731,0.06099463385563392,0.005173138568445658,0.00010103139301997911,0.0,0.010063378371666959,0.00024709298428550583,0.07880904508072464,23.0354999335498,0.0026504650626501427,0.010309416959147418,0.000177114089005862,6.858600994517899,3.8807667683614273,0.0001076539968691255,0.005131520952389501,0.0892111011949135,0.5483754417245105,0.002131469970549263,39.341799255100234,0.03367217921441514,0.0668374245134654,1.7601510286331177,51.527191162109375,62.3600246389243,670.4517211914062,0.0,uncertain,41,1.9914898998606325,True,False
BAO=1.55; GEO2=1.57; MgO=0.56; R2O3=9.00; R2O5=66.36; RO=1.24; RO2=1.25; SIO2=9.11; TIO2=8.50,9.113741698658293,0.008928997004453834,0.14738545491543606,0.009217015059745615,0.13660439679947703,0.004760895018875814,0.0,0.004465647114965818,0.5567530027357181,0.34833007494828233,1.546689169750075,0.015210523496140741,0.006421331365269582,1.5716699912618666,0.1513477989534032,8.5007218683526,7.824137246776736e-10,0.009782536568277872,0.01628997333402909,1.2383451101915148,0.0003763623553284938,8.99984643038199,66.36285382525118,1.2502578957006663,2.332822561264038,25.899076461791992,3.7773596979508643,461.3979797363281,0.0,uncertain,42,0.8721270775355272,False,True
BAO=1.95; R2O3=12.90; R2O5=61.54; SIO2=7.67; TIO2=0.55; ZRO2=13.64,7.6725032855083475,0.22848476888426714,0.283004256874697,0.031825538985734855,0.0012638844559426825,0.02028724636013786,0.0,0.12071837504615106,0.03302909721195857,0.1687773715892136,1.9518267446975834,0.2404065298621509,0.006869418671416631,0.39797049575565224,13.637920464068529,0.5521718986635061,0.010694450417705666,0.010722533594919814,0.008651115139635887,0.0784137157017314,0.000951094134117219,12.896297827379197,61.536440950917324,0.11076893608010005,2.3011691570281982,33.865447998046875,4.257469314040983,556.3074340820312,0.0,lanthanum,43,3.1717448689995584,False,True
BAO=1.94; R2O3=13.13; R2O5=61.24; SIO2=7.64; TIO2=0.55; ZRO2=13.57,7.63549485247415,0.19166320400127382,0.2816391816574961,0.031672028027902435,0.21533052067275454,0.020189390527376533,0.0,0.11983461464063178,0.03286978087322757,0.16796327144201065,1.9424120795371356,0.24843393771452368,0.007175633726415264,0.39605087918545434,13.572137753075953,0.549508489346543,0.010642865578000383,0.010259642830109841,0.00860938635785471,0.07803548598471176,0.000654320927315495,13.12956902275432,61.23961901818563,0.11023464047921937,2.3000524044036865,33.93597412109375,4.213466601072805,553.2055053710938,0.0,lanthanum,44,3.1451090255257843,False,True
BAO=1.66; GEO2=5.34; MgO=0.61; R2O3=9.84; R2O5=70.18; RO2=1.37; SIO2=9.96,9.964000816599365,0.009762020516434987,0.16100735554410703,0.010076908981898646,0.06971126505388842,0.00520505884677488,0.0,0.0018540601843422665,0.6086948212192074,0.3863846474397658,1.6582147226849067,0.02787345843850081,0.007020404251375761,5.343743124458471,0.16546766873854188,0.10592492533699475,1.5106843414049749e-07,0.0106970072149617,0.011951108013987105,0.06190040840101929,1.239427929438393e-05,9.839479781920607,70.18411820178531,1.3668996890218232,2.282640218734741,28.778392791748047,3.7580532901817447,488.8450622558594,0.0,uncertain,45,0.740443874638972,False,True
BAO=1.21; GEO2=5.08; R2O3=10.78; R2O5=69.60; RO=1.56; SIO2=9.68; TIO2=1.21,9.684858561715144,0.015097023457026803,0.1577542184107311,0.009794603596015482,0.07427110541682498,0.026981599686416398,0.0,0.0018021185446260033,0.005364579810659662,0.38204479951517284,1.2081214891350425,0.03425020143034398,0.00682372708233508,5.078268953143721,0.1042355262391936,1.2052137814829953,6.6197071177217955e-06,0.0001339658033476207,0.011616296797007717,1.5565578351578775,1.2047052599647472e-05,10.78499096529456,69.59736461778417,0.05443536373709347,2.2733590602874756,32.58655548095703,3.7405099328113844,470.0045166015625,0.0,uncertain,46,0.6473327012934645,False,True
BAO=1.20; GEO2=5.05; R2O3=11.14; R2O5=70.48; RO=1.55; SIO2=9.64,9.636059347424112,0.015123403570685699,0.15695934031721184,0.009745251408089153,0.07389687469721541,0.02836858226091397,0.0,0.006499934803263321,0.005337549237307091,0.38011978575048927,1.2020341127358705,0.03407762452501699,0.0009957687367072887,5.0526810177812385,0.1037103134289836,0.04652151142944324,1.5292499364791358e-07,0.009302509608117387,0.011557765621456401,1.5487147883162309,1.16186792452475e-05,11.137808210705389,70.48395751424478,0.05651702179323156,2.2729296684265137,31.95244026184082,3.7275630335360175,472.4414367675781,0.0,uncertain,47,0.6494333280260239,False,True
BAO=0.88; GEO2=5.39; MgO=0.61; R2O3=9.92; R2O5=70.74; RO2=1.38; SIO2=10.04,10.042664018234621,0.009839089135997176,0.16227846684839614,0.010156463564208863,0.07026161740733737,0.005246151436099553,0.0,0.0018686975085265285,0.613500308928134,0.38943505399730916,0.8818318392598955,0.028093512162078088,0.007075828521741836,5.385930590178668,0.16677399305842866,0.10676117514401026,1.5226108023861094e-07,0.010781457311959133,0.012045458911460218,0.062389096067447636,1.2492128914150476e-05,9.917159922289704,70.73820360817169,1.377691007472296,2.2633869647979736,28.832380294799805,3.7580801212013992,489.68438720703125,0.0,uncertain,48,0.7341542116590212,False,True
BAO=1.25; GEO2=5.38; R2O3=9.91; R2O5=72.15; SIO2=10.04,10.040464588914764,0.009605297284781742,0.028883769931006793,0.01008843891716598,0.00583841748638437,0.02671902719630942,0.0,0.0018682882477882685,0.0055344037387097585,0.38846627880841533,1.2524809684592009,0.028087359442616915,0.007078496074857066,5.384751025310894,0.006430080348311903,0.10673779353347268,1.5948663791191873e-07,0.00026217239357756536,0.012042820852927853,0.062375432321764124,0.05750165070134859,9.914987979440358,72.15282189964152,0.49697365146717276,2.2567429542541504,27.437265396118164,3.622112379590689,472.8728332519531,0.0,uncertain,49,0.7305949174446984,False,True
BAO=1.17; GEO2=0.58; MgO=0.62; R2O3=1.15; R2O5=70.24; SIO2=8.74; TIO2=0.63; ZRO2=15.57,8.744209687096237,0.017690532099800805,0.3211001555098532,0.1253648010771876,0.012601509978076473,0.023155000178481516,0.0,0.02512304370389408,0.6218795821315141,0.19263531382705237,1.1741323732191302,0.2849262767155041,0.008229659037530822,0.5768986727239709,15.56574239666687,0.6302255212530027,0.012206190871586267,0.011674427624314126,0.041750759397687146,0.08949808016511177,0.0030207728584269143,1.1522077324148363,70.23507655535394,0.130650956095995,2.250720977783203,31.973499298095703,3.998812431065941,563.6419067382812,0.0,lanthanum,50,4.041071915162885,False,True
B2O3=1.13; BAO=1.09; CAO=1.27; R2O3=10.41; R2O5=71.33; RO2=1.42; SIO2=12.20,12.201347905188134,0.053568323316295095,1.1346069664205218,1.2661100515517023,0.11664309523799152,0.02941654381489523,0.0,0.003969784785797142,2.509786610440093e-05,0.10030505963889982,1.0924347720693088,0.2929417034071464,0.0525136077867499,0.19579120638293043,0.06068320857716365,0.15224205609854394,2.7166250700176065e-06,0.00028674259681007465,0.013406496578958652,0.06550173561653715,0.004584683248073312,10.411934588609489,71.32784776467285,1.4238358899100159,2.243429660797119,25.197433471679688,3.6599566260541443,494.2070007324219,0.0,uncertain,51,0.572443402104717,False,True
B2O3=1.45; BAO=1.02; R2O3=2.58; R2O5=71.90; SIO2=18.56; SRO=0.54; TIO2=2.99,18.56465830125471,0.02916601318597687,1.4531153307090954,0.015346220202658195,0.2312199865507918,0.01872194294434821,0.0,0.1598941530041439,0.011979119493388903,0.5350701350988032,1.0160269986077637,0.06595178884820062,0.011892509927316353,0.000201328988989944,0.12268370545250244,2.9934844462066144,3.543660803493223e-06,0.00025072109536773116,0.011327680116572923,0.07937872637574121,0.031544759818878804,2.5782525702279715,71.90404890816924,0.1657811100601355,2.22420072555542,23.18917465209961,3.3828889804072406,554.2410888671875,0.0,uncertain,52,0.7397530106268241,False,True
B2O3=1.45; BAO=1.02; R2O3=2.58; R2O5=71.66; SIO2=18.56; SRO=0.58; TIO2=2.81,18.561583973441767,0.02916118326214659,1.4528746932136931,0.015343678851730696,0.21160939334166676,0.01871884257002555,0.0,0.15881373661191245,0.3960892740370395,0.5780846786964804,1.0158587434204163,0.06594086715950162,0.011890540514605278,0.0002012956486881534,0.12266338889607856,2.814808027049597,3.5173317279374776e-06,0.013552914044351114,0.011325804240299126,0.08140456448622412,0.03322463510238297,2.5800775483320133,71.66105381618667,0.1657148835609979,2.222698211669922,23.911386489868164,3.344199453594796,546.5752563476562,0.0,uncertain,53,0.773087566681295,False,True
BAO=2.23; R2O3=1.22; R2O5=64.24; SIO2=14.59; SRO=0.66; ZRO2=15.26,14.59281343017016,0.21818779639702512,0.1420057581036658,0.007798914667813062,0.23476667756472305,0.015295038508874488,0.0,0.015430485193325507,0.12349722327102482,0.6577364747451224,2.2327004302349818,0.27176209472566315,0.007442737977465394,0.016129352111499667,15.260467376579006,0.382024755592162,0.011657730664358792,0.008780471611025376,0.009052038939101253,0.08091309873012902,0.13719270648755713,1.2192348944541118,64.2392081461826,0.1159023670886069,2.209449529647827,29.0249080657959,4.059313018405623,575.7572631835938,0.0,lanthanum,54,3.8819595803586577,False,True
B2O3=1.27; BAO=2.16; MgO=0.53; R2O3=0.70; R2O5=70.95; SIO2=19.82; SRO=0.77; TIO2=1.49; ZRO2=1.58,19.820203632133673,0.0043489579473302625,1.26987837290471,0.013561423455159939,0.43971266668754755,0.03278095505150182,0.0,0.019596855995223348,0.5301640937532749,0.7701780978447527,2.155187544309541,0.018577951916854647,0.002181694227439999,0.013718278096203492,1.5842807984203364,1.4880807457138958,0.023650333009821334,0.00044813411546369534,0.016402210323279404,4.558811927026358e-05,0.007899505807343886,0.6951309691219636,70.95019391753051,0.143777273514909,2.208531618118286,24.85879135131836,3.239268286995407,542.7520751953125,0.0,uncertain,55,0.9935612708565988,False,True
BAO=2.67; R2O3=1.56; R2O5=81.73; SIO2=10.21; SRO=0.84; TIO2=0.74; ZRO2=0.61,10.214294313686349,0.2776050863817544,0.18067701950360845,0.009922729024232883,0.29869875804750096,0.019460210683562566,0.0,0.019632542450774365,0.00717885270622065,0.8368524450185053,2.672936187123729,0.34576883321340895,0.00959912044797853,0.020521726054957525,0.6062119374375997,0.735098581886415,0.014237369477038166,0.011141878671961574,0.011517106332783281,0.10294749813376428,0.17003067330978336,1.5552581059023085,81.73294391802962,0.14746510647614391,2.197924852371216,26.141788482666016,3.385866469239195,478.17926025390625,0.0,uncertain,56,0.7927338239918376,False,True
BAO=2.68; R2O3=1.57; R2O5=81.80; SIO2=10.25; SRO=0.84; TIO2=0.74; ZRO2=0.61,10.246854116766906,0.15342768939908058,0.18125295828073348,0.1677366490476652,0.29846276910552777,0.051961958486675106,0.0,0.017728253579021813,0.04533326398140593,0.8395200547407724,2.68145662654195,0.34432938401053603,0.009629719279570249,0.001595320267728717,0.6081443412534565,0.7374418338366695,0.014012932121082662,0.011177395308193647,0.011553819071102443,0.10325332762287263,0.08965738265257259,1.5660967684006928,81.80239362562008,0.016979810625703393,2.1884593963623047,26.943920135498047,3.3129393243179392,488.02972412109375,0.0,uncertain,57,0.7890901737889513,False,True
BAO=2.17; R2O3=0.51; R2O5=65.33; SIO2=8.53; TEO2=5.86; TIO2=0.59; ZNO=0.77; ZRO2=14.97,8.530598905353704,0.2567300843244452,0.3146555581755967,0.03538491909762846,0.01120437142872464,0.030569378888015315,0.0,0.1342195629905871,0.03672308372331792,0.18765349557384098,2.1701197734520243,0.7729201549572873,0.007637697009460506,0.005465023300702365,14.967627422297426,0.5905931863343391,5.857736443435765,0.01192174573847457,0.019720995306232843,0.0874243771282998,0.0010904870312134658,0.5120845673353491,65.33476139204588,0.12315737507168617,2.179173469543457,36.48906707763672,4.120909172661791,509.867919921875,0.0,lanthanum,58,3.7700200889671764,False,True
CAO=1.34; MgO=0.51; R2O5=76.06; SIO2=18.53; TIO2=2.26,18.527777242162674,0.05368696795189616,0.1836139259545381,1.3389577334232377,0.1820867979955193,0.0010493120107175464,0.0,0.004150034679902111,0.5109720117895917,0.016478056359704594,0.1271062185303622,0.27125990865362754,0.009187623859595283,0.002852437794705807,0.06285962667484088,2.2617466981911973,0.0,0.011329729021283784,0.04181871354508133,0.014057486779200882,0.029694209595780372,0.28365628871950604,76.06473112989235,0.0009278464146989097,2.1637792587280273,21.561431884765625,3.1846764481254493,539.6450805664062,0.0,uncertain,59,0.4952950487583947,False,True
BAO=2.41; CAO=4.59; MgO=6.67; R2O3=1.56; R2O5=57.10; SIO2=7.87; SRO=5.93; ZRO2=12.40,7.870474585069916,0.20131152641499872,0.27491379676396477,4.593559711977752,0.19617913580408816,0.00978848343040915,0.0,0.015276267942789796,6.671473293987505,5.9320329618073,2.4102024301512497,0.4603792875912255,0.007645269136428236,1.4381355544948354e-06,12.39568813128837,0.0523527679373179,0.000586175865650368,0.007702740962003974,0.06119733667199313,0.16820686396538997,0.00011792577362399355,1.5599398245361313,57.100531232053044,0.010438812733303604,2.156148910522461,35.68534851074219,3.786310772390772,593.8883666992188,0.0,lanthanum,60,4.598093777571884,False,False
AL2O3=0.64; CAO=1.92; MgO=0.61; R2O5=73.17; SIO2=18.59; TIO2=2.15; ZNO=1.19; ZRO2=0.64,18.590748584156028,0.643199910655517,0.04204549806107507,1.9229359279853357,0.3663545610879038,0.02607773078326382,0.0,0.000370100732803534,0.6065437261207148,0.17212764619391627,0.11113844310957313,1.1901055363234998,0.008948020698750416,0.009703194309955985,0.6415877478987515,2.1532172985420326,1.3796152131188397e-07,0.00021020673349101662,0.0017068477816134416,0.06852892605665395,0.00019535836513436463,0.14701124296717366,73.16517983690363,0.13206351657166338,2.138686418533325,25.66119384765625,3.487038816994409,532.9880981445312,0.0,uncertain,61,0.7630317005334817,False,True
BAO=0.83; CAO=1.16; MgO=6.69; R2O5=64.02; SIO2=22.49; TIO2=1.95; ZNO=1.12; ZRO2=0.72,22.490057244064733,0.17079313795086917,0.15848909057963145,1.1557412782914718,0.029159027803379724,0.001376857373392241,0.0,0.019635324205072482,6.693576316890935,0.010745589831153462,0.8341078209854722,1.1174500972407735,0.007930434157023105,0.2877970607895861,0.717438177871225,1.9522602953686667,0.0005552809287744803,0.00040412034750246506,0.03446632542340056,0.007877718860719208,0.003153398419582203,0.29038604610343205,64.01579847208299,0.0008008844301908317,2.136838436126709,29.85901641845703,3.446238255696403,563.1009521484375,0.0,uncertain,62,3.0199522983568934,False,True
BAO=30.33; R2O3=9.23; R2O5=43.05; SIO2=5.37; ZRO2=10.02,5.3670887213399485,0.42326513715590697,0.19730668036480548,0.022262680768547264,0.151358625890307,0.014191385402492748,0.0,0.08414332201160234,0.02310459683440832,0.12038485382491347,30.331317044197082,0.17013725084582607,0.005043846349923302,0.27838931828553926,10.016076169031324,0.36972552798892067,0.007481008750587251,0.007211636492769833,0.004586070664043566,0.0548521588691944,0.0006572486928618513,9.228944970769678,43.04612535036376,0.07634639510556394,2.0906975269317627,32.85715103149414,2.7704557052531036,557.1278686523438,0.0,lanthanum,63,3.8266630214437996,False,False
AL2O3=11.63; BAO=1.83; R2O5=67.43; RO=0.80; SIO2=15.73; SRO=0.61,15.730427891531129,11.629713438865071,0.1527857479600226,0.0023750544160336656,0.1455545745780614,0.025854450544076053,0.0,0.010711319075896245,0.4906925593868191,0.6062662891462066,1.8341874481908493,0.039119049756478015,0.001066438355360002,0.18028507624417373,0.34563786676605845,0.26814292848794097,1.0447302336421688e-07,0.008527260610039899,0.007599460168238447,0.8038858399473479,0.018156332533464953,0.16031117031648334,67.42785247827388,0.11084722037334885,2.081867218017578,34.578216552734375,3.2607623151134595,506.59088134765625,0.0,uncertain,64,1.8061074557595904,False,True
AL2O3=8.72; BAO=28.25; MgO=4.54; R2O3=1.26; R2O5=47.84; SIO2=6.71; SRO=0.57; TIO2=1.39,6.708559979711573,8.720119130644392,0.1024511624453483,0.02350562310981015,0.10402554907412351,2.9158099691057558e-05,0.0,0.05573304828022952,4.538001528706974,0.5691336495332538,28.254446732850575,0.03608672076756188,0.0906397073281783,0.00012153586390078387,0.25143447213880293,1.3944034112308283,8.931042183893698e-08,0.006261073058507431,0.027782056092181526,0.014599758649338674,0.00010580193212614808,1.2573941582127608,47.84419134831436,0.0009743046450625581,2.0138566493988037,40.11747741699219,2.0321891378049344,511.446533203125,0.0,uncertain,65,3.7977853232573455,False,False
AL2O3=8.14; BAO=24.31; MgO=3.99; NA2O=2.00; R2O3=1.12; R2O5=44.56; SIO2=6.25; SRO=0.54; TIO2=1.30; ZRO2=7.37,6.248178769416726,8.144170712613139,0.09542035549045075,0.021892527713964233,0.09688669836261955,2.0047181434411003,0.0,0.050414218864484536,3.98639053044616,0.5359560043469377,24.30615022700841,0.03361023576440378,0.08441947254057616,0.00017794535724358141,7.369327865842881,1.2987111714590807,8.318141051273567e-08,0.0059992384334875155,0.025875486478601394,0.013597836541267403,0.00010048966135282356,1.1162556277372646,44.56083891722195,0.0009074420764865406,1.9861335754394531,38.18168258666992,1.958883571864075,548.2338256835938,0.0,uncertain,66,4.25162861848921,False,False
B2O3=2.25; BAO=22.29; CAO=3.22; GEO2=3.08; MgO=0.55; R2O3=2.95; R2O5=41.46; RO=1.01; SIO2=12.70; ZNO=2.79; ZRO2=7.22,12.699666312414335,0.032528520622234824,2.2486777918147447,3.223276734397726,0.00015498542770412823,0.011089928280726646,0.0,0.0004018404987356259,0.5511181322861985,0.2647556595285916,22.290579724629517,2.7878566378048677,0.0038707741332573895,3.0805700775660148,7.224472722649021,0.024424910846884203,1.3079817097699315e-07,0.005787762722242149,0.13359985303746594,1.0074189641189506,8.10505742642409e-06,2.953148338090603,41.45550864276742,0.0010834505071635892,1.968110203742981,33.297691345214844,2.067035262928993,592.4833984375,0.0,lanthanum,67,3.2896482042039885,False,False
AL2O3=6.33; B2O3=2.50; BAO=21.87; MgO=3.06; R2O3=21.56; R2O5=35.77; SIO2=6.77; TIO2=1.03,6.768875307254793,6.325937990305773,2.496066539769739,0.4322917593167651,0.00450270692252157,0.013278336029581074,0.0,0.011018080417507053,3.064374398553091,0.3994698690644454,21.865538953464483,0.19914657918921908,0.0003170042777931772,0.0029399624987462916,0.010665778731846957,1.0300378161045973,0.0001168954784246585,0.005383520917969243,0.004087452931328689,0.03647619888485905,0.0019593644655642563,21.56116128942608,35.76562108508239,0.0007331109124892333,1.9494140148162842,41.95935821533203,1.2526277686955285,567.4340209960938,0.0,uncertain,68,3.1374790607146634,False,False
AL2O3=6.48; B2O3=2.48; BAO=21.74; MgO=3.05; R2O3=21.32; R2O5=35.55; RO=0.84; SIO2=6.56; TIO2=1.02,6.558316652668942,6.477358410842064,2.4821727977842523,0.1282995395987297,0.005254920394759214,0.012771956817762244,0.0,0.010820040078807925,3.0450450832608373,0.40457229622693214,21.743829795574378,0.19803807861663317,0.0003152397512576145,0.0029235979188147183,0.18347236858203703,1.024304363320293,0.00011624480842422973,0.0048600128111873945,0.0019931103893597204,0.8437531948349946,0.001948458143995364,21.318673372288277,35.55046325766309,0.000697207624174819,1.940955638885498,42.76177978515625,1.2927249215452625,571.2326049804688,0.0,uncertain,69,3.1351316720645226,False,False
AL2O3=6.41; B2O3=2.22; BAO=21.20; CAO=2.32; MgO=3.32; R2O3=21.62; R2O5=34.76; RO=0.66; SIO2=6.60,6.599627480970119,6.412833763025925,2.2176687394238574,2.3182997010945283,0.005596025854266102,0.012951748906327585,0.0,0.010058977831140199,3.3170022839387547,0.3927775145118299,21.203328956587487,0.020886883041087396,0.010174239399436845,0.002964753693411291,0.4072995730526057,0.02521129373741039,0.00011695289493876295,0.00013556013494686966,0.002021167599758828,0.655442102501225,0.0005051547587289222,21.618778427898512,34.7628909523215,0.0034277468222151356,1.9275453090667725,40.644046783447266,1.6663604113145318,571.89697265625,0.0,uncertain,70,3.2098301105186238,False,False
B2O3=23.26; BAO=21.73; GEO2=2.77; MgO=3.46; R2O3=0.55; R2O5=36.90; SIO2=5.41; ZRO2=5.65,5.4073635585675826,0.049206498294256294,23.26057844994019,0.02767709976908402,0.004884415707246714,0.012996703518957499,0.0,0.004909231187170614,3.4625220572851036,0.0017327528175257957,21.732599729698066,0.002740938062138166,0.011142711489261381,2.7725300551725316,5.646105281150101,0.05412900374463155,1.3079903355694768e-06,0.0011063050398552792,0.001068239051967809,0.030698165451242668,5.950178668771413e-05,0.551669258552491,36.903517578378974,0.060761157344604896,1.8971887826919556,39.26148986816406,0.8133748685064961,491.1941223144531,0.0,lanthanum,71,3.1062821187819076,False,False
B2O3=25.27; BAO=23.61; GEO2=1.78; MgO=3.76; R2O5=31.51; SIO2=5.88; ZRO2=7.60,5.882269613830069,0.05345204243806244,25.267504690233427,0.030065084139349385,0.0053058438360643395,0.014118061071850785,0.0,0.005370217187803019,3.761268986099226,0.0018822549937042004,23.607691734017198,0.0029774266142935718,0.012099014242025353,1.7847830634169726,7.601096747258025,0.01260520673593265,1.42084394031339e-06,0.0012017572066632771,0.0012162808449925576,0.03327987897203605,6.463560987723207e-05,0.3433177350179689,31.512424666164907,0.06600363922560848,1.8807270526885986,41.21131134033203,0.5128580698498819,482.04876708984375,0.0,lanthanum,72,3.4301100096104227,False,False
AL2O3=0.85; BAO=1.76; MgO=11.11; R2O3=1.47; R2O5=5.99; RO=0.66; RO2=22.75; SIO2=19.63; SRO=10.83; ZNO=1.53; ZRO2=22.44,19.630610382591833,0.8473706011650897,0.1912120091238529,0.22372628916593923,0.03803459160191411,0.37124225510962927,0.0,0.031754721810313274,11.108249993835894,10.825853705629624,1.7582247490101364,1.5337168388370166,0.013226188210836435,0.005786007061248155,22.44211611728381,0.08562516919094797,1.4121379478192738e-08,0.014778185450693069,0.002997392483696515,0.658761595388617,0.0009417366668498022,1.4721430158716815,5.993812695889945,22.749815744499045,1.8393371105194092,37.72017288208008,3.749613765257962,732.3497314453125,0.0,lanthanum,73,6.656438838655979,False,False
AL2O3=0.83; BAO=3.92; MgO=11.68; R2O3=7.45; R2O5=14.80; RO2=5.49; SIO2=22.53; SRO=10.94; ZRO2=20.77,22.53461505712869,0.8285926297928601,0.24785085444528288,0.2621258406906349,0.017101071512899746,0.07401410831836495,0.0,0.019235613615588797,11.683918182134342,10.941784394358983,3.9153296009630605,0.07429512130533979,0.015918480133044064,0.1711383984913094,20.76962734113371,0.12006007988623825,9.605917074517202e-07,0.010098168797418152,0.22960707490118043,0.3451790181427326,9.334116767946011e-06,7.448240662954072,14.804160146657356,5.487097859928411,1.8297549486160278,37.379615783691406,4.074592028694266,683.4464111328125,0.0,lanthanum,74,6.26647105597399,False,False
AL2O3=1.24; BAO=52.38; R2O3=5.54; R2O5=11.04; SIO2=14.03; ZRO2=14.40,14.025677290436164,1.2401371753167203,0.18200068657586968,0.02488409103216665,0.0022332315089850004,0.02767660611988466,0.0,0.00643544350365479,0.1109373193462728,0.33395809406036603,52.37976853527662,0.04475963771818449,0.0014624840026931816,0.12474659597687553,14.395954400510014,0.057258209997781626,9.443205807729406e-06,0.01220674611993837,0.047596446299896816,0.27308883839466974,3.060201616056532e-05,5.544420565566271,11.03824068894292,0.12651686807208598,1.8263556957244873,38.03730010986328,2.1852014139942666,633.1920166015625,0.0,lanthanum,75,4.353551318581941,False,False
AL2O3=0.79; B2O3=7.07; BAO=1.64; MgO=10.34; R2O3=1.37; R2O5=5.58; RO=0.61; RO2=21.18; SIO2=18.28; SRO=10.08; ZNO=1.43; ZRO2=20.90,18.278256536937956,0.7889951931239899,7.067044988276133,0.2083137726098706,0.035414386462172945,0.3456673554207262,0.0,0.029567137251255038,10.343002031349195,10.080060039209684,1.6371005478515097,1.4280590001492977,0.012315035366290748,0.005387408711642159,20.89607748454046,0.07972644650309776,1.3148556857241186e-08,0.013760115429612437,0.002790901948086087,0.613379472289536,0.0008768603752732056,1.370727001287029,5.580898604507239,21.182579667251385,1.8142589330673218,37.9405403137207,3.8197772538216594,686.5090942382812,0.0,lanthanum,76,6.052321252683042,False,False
AL2O3=0.77; BAO=49.20; MgO=7.67; R2O3=0.67; R2O5=10.05; RO2=3.79; SIO2=12.88; ZRO2=14.10,12.87931634620658,0.7701425375958962,0.028714608628720373,0.0959481807370647,0.027370146313568187,0.038634924223834965,0.0,0.009003743634943528,7.671445175731852,0.047188879481785566,49.19782729319997,0.03440677629133048,0.010714861382072035,0.1173474594789764,14.09874195139288,0.049516156359212506,1.0943705951323839e-06,0.01164669425184995,0.15586080799989832,0.24467618924472745,7.305668376815679e-05,0.67385012192075,10.04929122158355,3.7882817732861667,1.792706847190857,42.171993255615234,2.5762639304518444,671.8253784179688,0.0,lanthanum,77,5.226924054431866,False,False
Li2O=1.77; MgO=10.86; R2O3=31.71; R2O5=1.36; SIO2=24.63; SRO=8.80; ZNO=1.77; ZRO2=18.00,24.625318989480586,0.034761119340146085,0.3345597922035831,0.02675289054627381,0.0030079748584041894,0.05887955451717445,0.0,1.7729570454280512,10.861267028487772,8.802832641091179,0.24848348737310505,1.772047295343301,0.03603598173450562,0.010355642961074241,18.001808682859384,0.017974659555234612,5.34893383216383e-11,0.0006055856529327533,0.2243238981153676,0.08398005512328593,0.00011789248970923569,31.714221108962544,1.3612415158312163,0.008467157991678275,1.7517184019088745,49.470001220703125,3.935445218858447,685.7673950195312,0.0,lanthanum,78,5.307331652252278,False,False
MgO=10.71; R2O3=30.63; R2O5=1.36; SIO2=24.11; SRO=9.50; ZNO=1.65; ZRO2=21.38,24.110033288318466,0.028286833980083286,0.21757938094704143,0.02675339631880582,0.005497182126328122,0.005303856363657367,0.0,0.02681613730391125,10.710252341679222,9.502212687058943,0.2094805285834373,1.6483149907828776,0.03512788882529615,0.010148341287961327,21.382244944722625,0.0006116124155350851,2.924020287295256e-09,0.0002855719335701515,0.01571893322426094,0.05725244930932653,1.231918940138889e-05,30.625217243724297,1.3621025398220572,0.020747529158867344,1.7462607622146606,49.81583023071289,4.014692696959,720.2603149414062,0.0,lanthanum,79,6.043749436642197,False,False
Li2O=1.71; MgO=10.48; R2O3=30.59; R2O5=1.31; SIO2=23.77; SRO=8.49; ZNO=1.72; ZRO2=20.95,23.766409473385053,0.05166780850236266,0.21274535090773533,0.02580869296285856,0.0029018135227770513,0.04180053454139774,0.0,1.7103835543543784,10.477937157519706,8.492151696445188,0.23971368704478285,1.719379221728811,0.034764153301205525,0.01004061057100007,20.952202699115514,0.0006051197836696034,5.160152347432618e-11,0.0005842125415277992,0.21693752885665057,0.11570166032361298,0.00010993612158017999,30.59492183626582,1.313198821249514,0.020034430903259258,1.7435436248779297,50.96366500854492,3.9888712667218096,680.9249267578125,0.0,lanthanum,80,5.710639713893874,False,False
B2O3=0.85; BAO=20.70; MgO=3.39; R2O3=37.51; RO=0.87; SIO2=31.35; ZRO2=4.30,31.345489795128994,0.019177219663911355,0.8509630160882147,0.14656488933555437,0.012981864676475958,0.21273626617017866,0.0,0.057456486513372505,3.392724800546851,0.011605121531257123,20.701153189073846,0.031131082721844464,0.0006665820272979207,1.0232578880780169e-05,4.296564980597998,0.017856348699188566,0.00014341472067695766,0.004856197928690884,0.27798532018666816,0.874748448356252,2.6435193823703852e-05,37.51024120689353,0.007472990866525953,0.22744411049996255,1.7411926984786987,51.952640533447266,0.5183724201049533,694.1062622070312,0.0,uncertain,81,2.3178279466605454,False,False
CAO=3.06; Li2O=1.81; MgO=10.23; R2O3=30.31; R2O5=1.30; SIO2=25.94; SRO=8.44; ZNO=0.72; ZRO2=17.20,25.943690149683963,0.12830586540089528,0.22482345771163748,3.0554964519961954,0.0028743479069387404,0.05626387594798992,0.0,1.8094768190536035,10.230271914771226,8.439315914215157,0.22452792672108418,0.7174961762081455,0.034435111179091045,0.009895601549661938,17.202092286150222,0.017176149237475652,3.8929405693841775e-08,0.01469948572999633,0.19459461907356873,0.08024930627122319,0.00011265520723777428,30.305341419343012,1.3007694166510941,0.008091011061180146,1.7268991470336914,51.11286163330078,3.7587233762841756,697.8941650390625,0.0,lanthanum,82,5.036728953030939,False,False
B2O3=18.46; BAO=21.01; R2O3=35.77; R2O5=1.70; RO=0.72; SIO2=17.35; ZNO=0.76; ZRO2=3.35,17.352032138719746,0.047329165247631984,18.461888383894024,0.4030615079717693,0.022771940205476203,0.0072536997896095684,0.0,0.0010717442807520665,0.30277378555013884,0.04404142732904123,21.008400456381697,0.7552232142007776,0.0009624021089923913,0.006699085578831019,3.352131074964833,0.02963010940784563,4.721150378404696e-06,5.021863606689987e-05,0.004112853426499454,0.7193163232401825,2.845001463315561e-06,35.76840935891669,1.7022662680559815,0.010567275941575395,1.7227215766906738,54.180442810058594,30.06850038454227,613.2488403320312,0.0,uncertain,83,1.7180089839185246,False,False
AL2O3=1.40; BAO=57.71; NA2O=0.70; R2O3=6.27; SIO2=15.85; ZRO2=16.35,15.854918851060319,1.4018769911551499,0.2056274442246985,0.028129496767077763,0.002524491589060871,0.7012722468020967,0.0,0.007274759885613839,0.1254058652118483,0.37751321175714964,57.70772953110765,0.049744487000897265,0.002228059941830783,0.19434088517971965,16.350047538263418,0.06472587770793971,1.0674797278952314e-05,0.013798761026612765,0.05380401802045502,0.0988684390789477,0.0008739540625696509,6.267901786169407,0.2855731985732864,0.20580943061696402,1.7200766801834106,57.82878112792969,2.320796224753246,611.9917602539062,0.0,lanthanum,84,4.956548907552543,False,False
AL2O3=1.05; BAO=0.56; CAO=10.01; MgO=15.08; NA2O=0.85; R2O3=3.85; R2O5=3.82; RO=2.89; SIO2=30.81; TIO2=0.61; ZRO2=29.03,30.810416780934723,1.0498845681242794,0.34878342086185915,10.005722594560716,0.0023833609788683047,0.8457085215889085,0.0,0.029609579986456847,15.082361177344774,0.28938428999426413,0.5620746889820899,0.13201682348252922,0.05468035933267978,0.0014247375412072306,29.033054200991547,0.6144302283751462,2.619602404013554e-09,0.001057209983071932,0.31323425008129324,2.887729128471108,0.2214415911642838,3.851426268779661,3.8224305395933507,0.04074567622757314,1.7200618982315063,50.559104919433594,3.391066643215304,717.269287109375,0.0,lanthanum,85,7.55997082173969,False,False
B2O3=20.14; BAO=21.24; CAO=2.97; R2O3=27.06; R2O5=1.86; RO=0.78; SIO2=18.80; ZRO2=6.41,18.79617937399046,0.007245320171874197,20.13641125084608,2.9677787165458804,0.17087930838890444,0.010851737326798882,0.0,0.04245737771924578,0.019258612225223296,0.04969014449395816,21.240392235184135,0.0396042450586555,0.0004388822551596552,0.007296010449911577,6.406670731239185,0.03283174176970818,0.003937988117249499,0.0015867043190052146,0.37174418735707854,0.7824318714189298,3.899001995212492e-07,27.056845725399036,1.8551665916162055,0.00030085420711451947,1.7167705297470093,55.85576248168945,67.18743359293761,610.215576171875,0.0,uncertain,86,1.8938192540781886,False,False
B2O3=4.21; BAO=42.12; CAO=1.34; MgO=1.06; NA2O=0.54; R2O3=4.93; R2O5=1.17; RO=2.02; SIO2=22.11; WO3=3.97; ZNO=0.98; ZRO2=15.22,22.110621614458164,0.0539920423700099,4.213617291039648,1.3394488049096775,0.001062351494804349,0.5388736411399112,0.0,0.0026524846079518894,1.0603807982395625,0.14507044840282773,42.116555587580066,0.9788506261295463,0.02388248876732604,0.020141437573818716,15.215927080911012,0.05111938405527841,0.014880871853197806,0.0009746613536252596,3.9687266016879144,2.023557559066322,6.260068146437632e-05,4.932626660797265,1.1723628636230075,0.01461209925759359,1.7140837907791138,57.558956146240234,33.530317276185784,652.3165893554688,0.0,lanthanum,87,3.702865990332573,False,False
BAO=58.43; CAO=5.83; NA2O=1.85; R2O3=2.37; SIO2=14.52; SRO=0.83; ZNO=0.59; ZRO2=14.50,14.516744718901478,0.02282438185487382,0.21196114552292644,5.829404186789094,0.19177267019015798,1.8537454464256415,0.0,0.10586324461843297,0.23317757508058806,0.8325976342237094,58.425012824092434,0.5928962633356356,0.013883546993266719,0.004705619726296836,14.498751454577002,0.002211484448936483,3.650714796505278e-08,0.011464581036167805,0.045488422319840176,0.20392759867317833,0.004794245856720931,2.3676646157883208,0.018522826910561233,0.012585476127584434,1.7083486318588257,59.831600189208984,2.369183471543532,626.8916015625,0.0,lanthanum,88,4.747165278938192,False,False
B2O3=32.35; BAO=27.78; CAO=4.03; R2O3=3.71; R2O5=1.73; RO=1.19; SIO2=16.85; TEO2=10.91,16.85470932446744,0.0010340918362858132,32.34777335896279,4.034150183732685,0.0074556209220422815,0.3160986123729704,0.0,0.06293097462331011,0.018507786699394273,0.023613074503727214,27.781612630814973,0.12150886276331516,0.0048444462344453335,6.174866188173988e-05,0.43596568916892875,0.030569468085180528,10.90558745913117,0.007195238085041402,0.41845983816523663,1.186315341384966,3.91629599267593e-05,3.7069592892785086,1.7330259251671638,0.0015818719786150524,1.7048298120498657,59.971744537353516,45.31291501067814,506.9884338378906,0.0,uncertain,89,2.4921455176771072,False,False
BAO=62.07; CAO=6.20; R2O5=3.31; SIO2=15.84; ZRO2=10.92,15.842449251314115,0.019736373799761994,0.21892555207030218,6.196818510623918,0.2256492471030098,0.010237038934243662,0.0,0.11136750759468791,0.3468379548384389,0.09403350143624009,62.07197632129207,0.0919406694689235,0.030661455574286258,0.004999166044361233,10.915971068067574,0.005526261304685117,2.0951311058694131e-10,0.01014563432737981,0.08232956131698692,0.14234027102378993,0.0003999620063858722,0.20330353264223136,3.3132949488935783,0.061056210113518986,1.7025704383850098,54.894657135009766,2.071050488522266,662.5174560546875,0.0,lanthanum,90,4.444065497466253,False,False
B2O3=0.71; BAO=54.03; CAO=5.84; MgO=8.44; R2O3=2.54; RO=2.93; SIO2=14.53; ZRO2=10.29,14.5272365958953,0.012118872641482386,0.7073346742108451,5.837778802943692,0.004263993846655947,0.00968187063275925,0.0,0.11137905482791381,8.438848865339516,0.21771057658934267,54.03468806979495,0.022650787003420405,0.0010820370510558554,0.02442892683496228,10.28983745948448,0.015805757173188363,9.741560424343709e-06,0.009591085972068649,0.04910023852651393,2.9265420611316064,0.00037994880054816814,2.54346625206284,0.0855502056592969,0.13051412201713855,1.7010772228240967,64.25194549560547,2.851520195390116,658.9488525390625,0.0,lanthanum,91,5.12931187640519,False,False
R2O3=39.13; SIO2=59.71,59.70750234245175,0.017299782060018695,0.00035015542252829333,0.0016553193682840137,0.0037366773010800965,0.010148651190435676,0.0,0.23872874007100386,0.00042777212051118917,0.00028540718653857143,0.02252486190694408,0.0031613541966580335,0.04086213335369972,0.09268354310315977,0.014865266268058714,0.0694379456325659,0.0005496520205755614,0.0001802935604331797,2.3377989188541472e-05,0.09052783588325287,0.0,39.12940454916504,0.48254751177831107,0.0730968279699719,1.698240876197815,48.58356475830078,3.4013593459203313,753.5369873046875,0.0,uncertain,92,0.06492159920526354,False,False
AL2O3=1.03; BAO=1.98; CAO=9.22; Li2O=0.53; MgO=11.02; R2O3=19.74; R2O5=0.73; RO=2.13; SIO2=29.54; SRO=0.59; ZRO2=22.91,29.540699945213927,1.0267729476627079,0.32366113538338226,9.220184711380783,0.022248478143889923,0.02864158430444618,0.0,0.5308680314879769,11.024995962267248,0.5859145939624882,1.9754295628774905,0.023433792122287304,7.014660830512208e-05,0.0,22.913689599119543,0.11465191577170364,0.0,0.01679368835997644,0.0010639710425214856,2.131139775979352,0.0009915663019280303,19.736023141367568,0.7310525005374424,0.05167295010503496,1.6945401430130005,58.33283996582031,3.598431084495365,684.8380737304688,0.0,lanthanum,93,5.53141274560898,False,False
AL2O3=1.27; B2O3=0.72; BAO=53.72; MgO=8.51; R2O3=2.54; RO=2.87; SIO2=14.44; ZRO2=14.76,14.441445701909778,1.2717638097981923,0.7183263130744996,0.14249724110845968,0.002290184560673928,0.028382429574630875,0.0,0.11072130353282933,8.51069388208265,0.21642488230933207,53.715585109976274,0.022517022315713172,0.001075647059034815,0.02376476386599543,14.762062298491182,0.34823762373978656,9.684031439247223e-06,0.01158807095999339,0.04881027605978559,2.8716251120933687,0.00031202247333463046,2.537078265629876,0.08504498716328714,0.12974336818989315,1.6901148557662964,63.90468978881836,2.770225520737914,640.0361328125,0.0,lanthanum,94,5.634335690637985,False,False
B2O3=0.55; BAO=4.87; CAO=9.27; K2O=0.71; MgO=13.47; NA2O=0.88; R2O3=9.75; R2O5=1.49; RO=2.64; SIO2=27.54; ZNO=0.73; ZRO2=27.38,27.538137661179036,0.01585579776339936,0.5549292616004505,9.272363661231584,0.7078126125805714,0.8785893067127928,0.0,0.17754984221270803,13.466751368605332,0.10173672043795945,4.865131799913944,0.7258578550726482,0.008654615313819536,2.9029590756493535e-06,27.377587798226248,0.2807383937608462,6.876191085598367e-05,0.0026589177399652534,0.12353033296637647,2.6412252899708126,0.00010757123734827061,9.747046178406833,1.4925920081612274,0.021071342036176992,1.682188630104065,55.4871711730957,3.524774951762869,678.9199829101562,0.0,lanthanum,95,6.857654948345097,False,False
AL2O3=0.88; B2O3=0.54; BAO=63.15; MgO=0.76; R2O3=0.87; R2O5=1.48; SIO2=10.59; ZRO2=20.34,10.585003585043106,0.8834055550359158,0.5419829809166051,0.0023561518583753954,0.009128853661628331,0.023717520414098966,0.0,0.18244213842907214,0.7637615690897394,0.24480803615424201,63.14589976250965,0.2349271817319303,0.009747752298906747,0.13932543004529313,20.344692967334844,0.0023017344668822444,0.0,0.0030968758575615754,0.05487531766724588,0.001605601745526387,0.0013320488525087406,0.8672601856330372,1.4817476432774999,0.4765811079763334,1.6752365827560425,63.78871154785156,2.544987771796223,637.3030395507812,0.0,lanthanum,96,6.1792153491354105,False,False
AL2O3=2.05; B2O3=0.53; BAO=4.64; CAO=8.94; K2O=1.97; MgO=12.84; NA2O=0.84; R2O3=10.46; R2O5=1.39; RO=2.52; SIO2=26.25; SRO=0.53; ZNO=0.69; ZRO2=25.70,26.25266053093301,2.0545485467943734,0.5290252268589396,8.93936653927269,1.9687506506490002,0.8375768579207253,0.0,0.16926183579588436,12.838124948182742,0.5304832277633943,4.6380280014882995,0.6919748930515567,0.008086508099972177,0.0006698036276211579,25.697321562235953,0.3335437106985256,6.600421817680566e-05,0.00296993297866259,0.11776395108995025,2.5163512534171373,0.00010254982423802951,10.46420375814475,1.3890319727650746,0.020087734189329676,1.6697754859924316,56.73245620727539,3.4624198784482254,681.0482788085938,0.0,lanthanum,97,6.570354649290376,False,False
AL2O3=1.45; BAO=2.19; CAO=9.78; MgO=14.33; NA2O=1.09; R2O3=4.20; RO=6.11; SIO2=29.09; SRO=1.49; TIO2=0.58; ZRO2=28.46,29.093311360818625,1.4491468832716248,0.33085967580282016,9.778194751120678,0.01001648325724091,1.0938696749409638,0.0,0.1820479617654467,14.329089882741755,1.492510462096261,2.1938035729244203,0.09587059149566306,0.008727322706666289,0.37188057281071324,28.46336237980745,0.5830467355921071,1.6714164457739266e-05,0.01900862483640861,0.0975420088094192,6.105420711175661,0.01520383641696856,4.202813839883764,0.04075843338167735,0.04349752017921849,1.6647453308105469,58.050636291503906,3.4152548302451358,695.6856689453125,0.0,lanthanum,98,7.2882176917863415,False,False
AL2O3=1.85; B2O3=1.00; CAO=14.07; MgO=19.21; R2O3=1.58; RO=3.66; SIO2=19.26; ZRO2=37.44,19.26206164293862,1.8524022224297731,0.9997151262300632,14.068747389972186,0.013047775630952788,0.04326343424849425,0.0,0.02800346202878403,19.214228418339253,0.44655748960022196,0.09182867018064762,0.43152913619044775,0.01778100042885035,0.26179926938014997,37.439797435180935,0.03930837771522794,0.0,0.004907838295953558,0.10009877324068152,3.6592529848848865,0.0025360659600034735,1.5819804668605881,0.34143337738055746,0.09971964288271658,1.661826491355896,58.97406005859375,3.23030562897273,669.4949340820312,0.0,lanthanum,99,9.000633980961915,False,False
B2O3=45.32; BAO=3.59; Bi2O3=0.72; GEO2=4.81; R2O3=19.80; RO=1.77; SIO2=17.27; TEO2=2.77; ZNO=0.73; ZRO2=0.91,17.265747237500072,0.11485786975757764,45.318613663483625,0.2465686279778416,0.36545045483065325,0.43678028074974756,0.0,0.014431345960225245,0.45693160477131456,0.0514819445096301,3.590321425064001,0.7284286895395954,0.01706378299592366,4.814209881234627,0.9076313809374629,0.04282724188391896,2.769340505347304,0.7187119142741328,0.012119569940441608,1.7671451406082581,0.0007551687365791609,19.800907558125587,0.44079339174051974,0.11888132003094973,1.6613713502883911,57.039424896240234,3.2528109480034977,450.2801208496094,0.0,uncertain,100,1.1197885232178348,False,False
