glass_name,filter_mode,property_mode,distance_first,distance_mean_top20,composition_variance,family_entropy,effective_neighbors,uncertainty_score,composition_completeness,physically_plausible,high_uncertainty,comp_exp_weight,comp_idw,comp_cluster_kmeans,scenario
LASF35,adaptive,B,0.022112461526123475,0.11193783009926875,107.38787450516669,0.8237197315118312,20,12.020765651080943,1.0,False,True,SIO2=7.57; B2O3=8.95; ZRO2=3.49; TIO2=10.39; R2O3=32.09; RO2=13.94; R2O5=6.51; RmOn=60.34,SIO2=9.39; B2O3=9.71; ZRO2=4.57; TIO2=12.97; R2O3=34.34; RO2=17.65; R2O5=7.00; RmOn=68.56,SIO2=15.84; B2O3=13.29; P2O5=0.52; ZRO2=7.72; TIO2=21.89; R2O3=44.68; RO2=29.79; R2O5=8.79; RmOn=99.40,adaptive_B
P-SF68,adaptive,B,0.0177550996972877,0.05310676010246825,41.3453359835036,0.6474466390346325,20,2.1957168394318742,1.0,False,True,SIO2=6.72; AL2O3=1.37; B2O3=35.14; Li2O=2.22; BAO=3.03; ZNO=5.28; GEO2=12.16; RO=8.49; R2O=2.52; R2O3=69.26; RO2=12.64; RmOn=100.00,SIO2=6.70; AL2O3=1.25; B2O3=34.12; Li2O=2.39; BAO=3.14; ZNO=5.55; GEO2=13.25; RO=8.84; R2O=2.65; R2O3=67.81; RO2=13.68; RmOn=100.00,SIO2=7.11; B2O3=15.98; Li2O=4.56; BAO=4.63; ZNO=9.89; GEO2=30.40; RO=14.88; R2O=5.01; R2O3=42.30; RO2=30.58; RmOn=100.00,adaptive_B
N-LASF55,adaptive,B,0.04507719632037788,0.09931250829786158,0.9173367966170689,0.0,20,0.0911030182259664,1.0,False,True,SIO2=16.30; B2O3=21.02; BAO=2.08; ZNO=4.06; ZRO2=7.20; TIO2=21.11; RO=6.14; R2O3=45.19; RO2=28.31; R2O5=4.06; RmOn=100.00,SIO2=16.44; B2O3=21.03; BAO=2.00; ZNO=3.90; ZRO2=7.21; TIO2=21.15; RO=5.90; R2O3=45.18; RO2=28.36; R2O5=4.11; RmOn=100.00,SIO2=19.29; B2O3=22.01; ZRO2=7.43; TIO2=21.41; R2O3=46.65; RO2=28.84; R2O5=5.22; RmOn=100.00,adaptive_B
N-SF66,adaptive,B,0.017084573248853676,0.13026198259293081,52.5445940105779,1.0549201679861442,20,6.844562990358516,1.0,False,True,SIO2=6.11; B2O3=3.10; CAO=3.99; K2O=4.55; NA2O=3.83; Li2O=1.59; BAO=15.36; ZNO=0.61; P2O5=18.89; ZRO2=0.99; TIO2=14.54; TEO2=1.09; RO=19.97; R2O=9.96; R2O3=4.03; RO2=16.62; R2O5=42.93; RmOn=100.00,SIO2=3.79; B2O3=1.91; CAO=2.46; K2O=5.77; NA2O=2.49; Li2O=0.97; BAO=18.07; ZNO=0.73; P2O5=21.58; ZRO2=0.64; TIO2=12.96; TEO2=0.67; RO=21.27; R2O=9.23; R2O3=2.57; RO2=14.27; R2O5=48.62; RmOn=100.00,K2O=7.13; BAO=23.03; ZNO=1.03; P2O5=26.11; TIO2=9.72; RO=24.05; R2O=7.54; R2O3=0.52; RO2=9.89; R2O5=57.85; RmOn=100.00,adaptive_B
N-LASF46B,adaptive,B,0.014310942152251569,0.042717608803660365,10.360631585606368,0.9489154358953991,20,0.44258140703278026,1.0,False,True,SIO2=6.04; B2O3=34.21; Li2O=0.92; ZNO=14.07; GEO2=1.22; ZRO2=4.63; TIO2=10.54; TEO2=2.02; RO=15.07; R2O=0.92; R2O3=49.75; RO2=18.42; RO3=3.73; R2O5=5.88; RmOn=99.87,SIO2=6.22; B2O3=33.97; Li2O=0.88; ZNO=14.37; GEO2=1.15; ZRO2=4.69; TIO2=10.89; TEO2=1.90; RO=15.35; R2O=0.88; R2O3=49.43; RO2=18.63; RO3=3.56; R2O5=5.76; RmOn=99.88,SIO2=9.17; B2O3=30.84; Li2O=1.40; ZNO=14.99; GEO2=1.83; ZRO2=5.67; TIO2=14.67; RO=16.09; R2O=1.40; R2O3=45.40; RO2=22.18; RO3=1.24; R2O5=4.22; RmOn=99.80,adaptive_B
N-LASF31A,adaptive,B,0.009154409954423863,0.03401212707993459,2.171625092097804,0.6730116670092565,20,0.07386158860240517,1.0,False,True,SIO2=20.08; B2O3=27.39; CAO=0.66; ZNO=5.04; ZRO2=8.13; TIO2=0.90; RO=5.69; R2O3=58.20; RO2=9.27; RO3=0.75; R2O5=5.88; RmOn=100.00,SIO2=20.18; B2O3=27.37; CAO=0.59; ZNO=5.03; ZRO2=8.20; TIO2=0.85; RO=5.62; R2O3=58.16; RO2=9.29; RO3=0.70; R2O5=5.93; RmOn=100.00,SIO2=23.00; B2O3=23.94; ZNO=8.32; ZRO2=8.15; RO=8.32; R2O3=54.63; RO2=8.15; R2O5=5.90; RmOn=100.00,adaptive_B
N-LASF9,adaptive,B,0.07599033403572136,0.145339121577409,36.382525455595335,0.5181862130502128,20,5.287804290483948,1.0,False,True,SIO2=21.05; B2O3=18.27; CAO=1.13; PBO=0.65; Li2O=0.56; MgO=0.55; BAO=15.27; ZNO=1.43; P2O5=1.22; GEO2=2.42; ZRO2=4.27; TIO2=15.37; RO=20.76; R2O=1.16; R2O3=27.90; RO2=23.00; R2O5=5.40; RmOn=99.59,SIO2=21.03; B2O3=18.40; CAO=1.09; PBO=0.76; Li2O=0.62; MgO=0.53; BAO=15.14; ZNO=1.51; P2O5=1.18; GEO2=2.34; ZRO2=4.30; TIO2=15.26; RO=20.76; R2O=1.25; R2O3=28.05; RO2=22.85; R2O5=5.32; RmOn=99.59,SIO2=11.19; B2O3=30.55; CAO=2.17; PBO=1.83; Li2O=0.97; MgO=1.31; BAO=5.35; ZNO=3.65; ZRO2=5.00; TIO2=14.29; RO=18.21; R2O=1.64; R2O3=44.90; RO2=19.29; R2O5=3.29; RmOn=98.99,adaptive_B
N-SF57,adaptive,B,0.0021852361225159133,0.055369352979255416,49.508854388621366,0.7305880613711224,20,2.741273234242135,1.0,False,True,SIO2=29.47; B2O3=3.49; CAO=0.74; K2O=2.16; NA2O=13.92; Li2O=3.07; SRO=0.79; BAO=5.22; P2O5=4.82; ZRO2=0.69; TIO2=23.72; RO=7.17; R2O=19.41; R2O3=3.64; RO2=25.02; R2O5=15.29; RmOn=100.00,SIO2=36.25; B2O3=1.63; K2O=1.14; NA2O=13.32; Li2O=1.54; BAO=7.81; P2O5=2.10; TIO2=25.79; RO=8.87; R2O=16.11; R2O3=1.75; RO2=26.40; R2O5=10.62; RmOn=100.00,SIO2=39.92; K2O=0.92; NA2O=12.92; Li2O=0.98; BAO=9.08; TIO2=27.75; RO=9.78; R2O=14.95; RO2=28.20; R2O5=6.93; RmOn=100.00,adaptive_B
N-SF57HT,adaptive,B,0.0021852361225159133,0.055369352979255416,49.508854388621366,0.7305880613711224,20,2.741273234242135,1.0,False,True,SIO2=29.47; B2O3=3.49; CAO=0.74; K2O=2.16; NA2O=13.92; Li2O=3.07; SRO=0.79; BAO=5.22; P2O5=4.82; ZRO2=0.69; TIO2=23.72; RO=7.17; R2O=19.41; R2O3=3.64; RO2=25.02; R2O5=15.29; RmOn=100.00,SIO2=36.25; B2O3=1.63; K2O=1.14; NA2O=13.32; Li2O=1.54; BAO=7.81; P2O5=2.10; TIO2=25.79; RO=8.87; R2O=16.11; R2O3=1.75; RO2=26.40; R2O5=10.62; RmOn=100.00,SIO2=39.92; K2O=0.92; NA2O=12.92; Li2O=0.98; BAO=9.08; TIO2=27.75; RO=9.78; R2O=14.95; RO2=28.20; R2O5=6.93; RmOn=100.00,adaptive_B
N-SF57HTultra,adaptive,B,0.0021852361225159133,0.055369352979255416,49.508854388621366,0.7305880613711224,20,2.741273234242135,1.0,False,True,SIO2=29.47; B2O3=3.49; CAO=0.74; K2O=2.16; NA2O=13.92; Li2O=3.07; SRO=0.79; BAO=5.22; P2O5=4.82; ZRO2=0.69; TIO2=23.72; RO=7.17; R2O=19.41; R2O3=3.64; RO2=25.02; R2O5=15.29; RmOn=100.00,SIO2=36.25; B2O3=1.63; K2O=1.14; NA2O=13.32; Li2O=1.54; BAO=7.81; P2O5=2.10; TIO2=25.79; RO=8.87; R2O=16.11; R2O3=1.75; RO2=26.40; R2O5=10.62; RmOn=100.00,SIO2=39.92; K2O=0.92; NA2O=12.92; Li2O=0.98; BAO=9.08; TIO2=27.75; RO=9.78; R2O=14.95; RO2=28.20; R2O5=6.93; RmOn=100.00,adaptive_B
SF57,adaptive,B,0.01394635641523577,0.04164271295030466,51.55000449427482,0.6730116670092565,20,2.1466820397420014,1.0,False,True,SIO2=30.20; B2O3=15.15; CAO=0.62; K2O=2.61; NA2O=4.11; PBO=18.85; Li2O=2.59; MgO=0.99; BAO=10.67; ZNO=0.69; TIO2=2.07; RO=31.82; R2O=9.31; R2O3=25.65; RO2=2.33; RmOn=100.00,SIO2=31.51; B2O3=14.38; CAO=0.60; K2O=2.50; NA2O=3.89; PBO=20.12; Li2O=2.46; MgO=0.99; BAO=10.03; ZNO=0.66; TIO2=2.01; RO=32.40; R2O=8.85; R2O3=24.35; RO2=2.23; RmOn=100.00,SIO2=54.27; K2O=0.61; NA2O=0.56; PBO=43.72; RO=43.86; R2O=1.17; RmOn=100.00,adaptive_B
SF57HTultra,adaptive,B,0.01394635641523577,0.04164271295030466,51.55000449427482,0.6730116670092565,20,2.1466820397420014,1.0,False,True,SIO2=30.20; B2O3=15.15; CAO=0.62; K2O=2.61; NA2O=4.11; PBO=18.85; Li2O=2.59; MgO=0.99; BAO=10.67; ZNO=0.69; TIO2=2.07; RO=31.82; R2O=9.31; R2O3=25.65; RO2=2.33; RmOn=100.00,SIO2=31.51; B2O3=14.38; CAO=0.60; K2O=2.50; NA2O=3.89; PBO=20.12; Li2O=2.46; MgO=0.99; BAO=10.03; ZNO=0.66; TIO2=2.01; RO=32.40; R2O=8.85; R2O3=24.35; RO2=2.23; RmOn=100.00,SIO2=54.27; K2O=0.61; NA2O=0.56; PBO=43.72; RO=43.86; R2O=1.17; RmOn=100.00,adaptive_B
N-LASF41,adaptive,B,0.02053765862055273,0.04978819539141098,11.836648208824796,0.5004024235381879,20,0.5893253538003638,1.0,False,True,SIO2=6.85; B2O3=48.34; BAO=0.53; ZNO=7.80; ZRO2=7.23; RO=8.33; R2O3=72.11; RO2=8.05; R2O5=4.18; RmOn=100.00,SIO2=6.43; B2O3=48.81; BAO=0.52; ZNO=7.76; ZRO2=7.30; RO=8.28; R2O3=72.59; RO2=8.07; R2O5=4.18; RmOn=100.00,SIO2=3.99; B2O3=51.31; ZNO=7.84; ZRO2=7.38; RO=7.84; R2O3=75.79; RO2=7.94; R2O5=4.14; RmOn=100.00,adaptive_B
N-LASF40,adaptive,B,0.03463681079440785,0.06287999662549079,11.375351494477878,0.1985152433458726,20,0.7152820635865406,1.0,False,True,SIO2=4.97; B2O3=40.32; CAO=1.10; Li2O=1.21; BAO=2.29; ZNO=18.44; ZRO2=2.71; TIO2=4.11; RO=24.54; R2O=1.26; R2O3=53.65; RO2=7.35; RO3=4.07; R2O5=4.15; RmOn=100.00,SIO2=4.86; B2O3=40.38; CAO=1.09; Li2O=1.18; BAO=2.24; ZNO=18.55; ZRO2=2.65; TIO2=4.20; RO=24.53; R2O=1.23; R2O3=53.74; RO2=7.41; RO3=4.16; R2O5=4.06; RmOn=100.00,SIO2=3.87; B2O3=40.26; CAO=1.68; Li2O=0.78; ZNO=20.26; GEO2=0.53; ZRO2=2.99; TIO2=3.84; RO=24.16; R2O=0.87; R2O3=54.26; RO2=7.73; RO3=5.90; R2O5=3.21; RmOn=100.00,adaptive_B
SF6G05,adaptive,B,0.01214539985331221,0.05895843992076653,89.54262035122524,0.8451132568429528,20,5.27929320232572,1.0,False,True,SIO2=35.18; B2O3=8.92; CAO=0.72; K2O=3.30; NA2O=4.21; PBO=23.08; Li2O=3.65; BAO=3.59; ZNO=1.06; P2O5=4.66; TIO2=1.02; RO=28.76; R2O=11.16; R2O3=14.30; RO2=1.34; RO3=1.61; R2O5=7.61; RmOn=99.95,SIO2=41.03; B2O3=6.57; CAO=0.53; K2O=2.85; NA2O=3.28; PBO=27.59; Li2O=2.69; BAO=2.67; ZNO=0.77; P2O5=3.42; TIO2=0.75; RO=31.79; R2O=8.82; R2O3=10.55; RO2=0.98; RO3=1.19; R2O5=5.60; RmOn=99.96,SIO2=57.49; K2O=1.54; NA2O=0.59; PBO=40.13; RO=40.13; R2O=2.12; RmOn=100.00,adaptive_B
N-LASF43,adaptive,B,0.018638895396664037,0.09006842030688782,31.71217998907549,0.0,20,2.8562659561037282,1.0,False,True,SIO2=12.74; B2O3=30.93; CAO=14.25; Li2O=1.01; BAO=0.74; ZNO=11.22; ZRO2=4.57; RO=26.97; R2O=1.01; R2O3=47.81; RO2=4.94; RO3=1.19; R2O5=5.35; RmOn=100.00,SIO2=14.23; B2O3=29.55; CAO=14.72; Li2O=0.76; BAO=0.99; ZNO=11.63; ZRO2=4.63; RO=27.93; R2O=0.76; R2O3=45.72; RO2=4.91; RO3=1.07; R2O5=5.38; RmOn=100.00,SIO2=21.22; B2O3=19.65; CAO=27.46; MgO=0.57; BAO=0.71; ZNO=8.14; P2O5=0.51; ZRO2=4.74; RO=37.23; R2O3=30.67; RO2=4.87; R2O5=5.93; RmOn=100.00,adaptive_B
P-LASF47,adaptive,B,0.005348329583032153,0.017189168931129324,1.419005026366496,0.0,20,0.02439151711233532,1.0,False,True,SIO2=9.92; B2O3=31.00; Li2O=6.56; ZNO=30.80; ZRO2=3.16; RO=30.80; R2O=6.56; R2O3=43.21; RO2=3.28; RO3=2.31; R2O5=3.93; RmOn=100.00,SIO2=10.09; B2O3=30.88; Li2O=6.57; ZNO=30.74; ZRO2=3.17; RO=30.74; R2O=6.57; R2O3=43.12; RO2=3.28; RO3=2.32; R2O5=3.89; RmOn=100.00,SIO2=8.75; B2O3=33.17; Li2O=7.25; ZNO=28.64; ZRO2=3.31; RO=28.64; R2O=7.25; R2O3=45.61; RO2=3.52; RO3=1.41; R2O5=4.81; RmOn=100.00,adaptive_B
N-SF6,adaptive,B,0.014740970147822658,0.05007017586550826,15.556800338588815,0.0,20,0.7789317288577403,1.0,False,True,SIO2=29.80; B2O3=3.79; CAO=0.91; K2O=4.26; NA2O=14.91; Li2O=1.74; BAO=1.89; P2O5=1.85; GEO2=2.20; ZRO2=0.65; TIO2=27.69; RO=3.49; R2O=23.37; R2O3=3.84; RO2=30.53; R2O5=8.80; RmOn=99.94,SIO2=29.60; B2O3=4.64; CAO=0.96; K2O=4.32; NA2O=14.46; Li2O=1.79; BAO=1.84; P2O5=1.79; GEO2=2.20; ZRO2=0.71; TIO2=27.82; RO=3.52; R2O=22.89; R2O3=4.69; RO2=30.73; R2O5=8.43; RmOn=99.95,SIO2=30.27; B2O3=18.85; CAO=4.25; K2O=3.74; NA2O=8.26; BAO=1.23; P2O5=1.56; ZRO2=1.89; TIO2=27.13; RO=5.48; R2O=12.00; R2O3=18.85; RO2=29.02; R2O5=4.37; RmOn=100.00,adaptive_B
N-SF6HT,adaptive,B,0.014740970147822658,0.05007017586550826,15.556800338588815,0.0,20,0.7789317288577403,1.0,False,True,SIO2=29.80; B2O3=3.79; CAO=0.91; K2O=4.26; NA2O=14.91; Li2O=1.74; BAO=1.89; P2O5=1.85; GEO2=2.20; ZRO2=0.65; TIO2=27.69; RO=3.49; R2O=23.37; R2O3=3.84; RO2=30.53; R2O5=8.80; RmOn=99.94,SIO2=29.60; B2O3=4.64; CAO=0.96; K2O=4.32; NA2O=14.46; Li2O=1.79; BAO=1.84; P2O5=1.79; GEO2=2.20; ZRO2=0.71; TIO2=27.82; RO=3.52; R2O=22.89; R2O3=4.69; RO2=30.73; R2O5=8.43; RmOn=99.95,SIO2=30.27; B2O3=18.85; CAO=4.25; K2O=3.74; NA2O=8.26; BAO=1.23; P2O5=1.56; ZRO2=1.89; TIO2=27.13; RO=5.48; R2O=12.00; R2O3=18.85; RO2=29.02; R2O5=4.37; RmOn=100.00,adaptive_B
N-SF6HTultra,adaptive,B,0.014740970147822658,0.05007017586550826,15.556800338588815,0.0,20,0.7789317288577403,1.0,False,True,SIO2=29.80; B2O3=3.79; CAO=0.91; K2O=4.26; NA2O=14.91; Li2O=1.74; BAO=1.89; P2O5=1.85; GEO2=2.20; ZRO2=0.65; TIO2=27.69; RO=3.49; R2O=23.37; R2O3=3.84; RO2=30.53; R2O5=8.80; RmOn=99.94,SIO2=29.60; B2O3=4.64; CAO=0.96; K2O=4.32; NA2O=14.46; Li2O=1.79; BAO=1.84; P2O5=1.79; GEO2=2.20; ZRO2=0.71; TIO2=27.82; RO=3.52; R2O=22.89; R2O3=4.69; RO2=30.73; R2O5=8.43; RmOn=99.95,SIO2=30.27; B2O3=18.85; CAO=4.25; K2O=3.74; NA2O=8.26; BAO=1.23; P2O5=1.56; ZRO2=1.89; TIO2=27.13; RO=5.48; R2O=12.00; R2O3=18.85; RO2=29.02; R2O5=4.37; RmOn=100.00,adaptive_B
SF6,adaptive,B,0.0009873577052632908,0.05989480907533314,108.86648429473948,0.8556886672556694,20,6.520537291536175,1.0,False,True,SIO2=37.59; B2O3=8.75; K2O=2.71; NA2O=2.43; PBO=24.67; Li2O=2.11; SRO=0.65; BAO=4.82; ZNO=0.65; P2O5=2.53; TIO2=0.53; TEO2=4.39; RO=31.18; R2O=7.25; R2O3=14.40; RO2=5.19; RO3=0.65; R2O5=3.74; RmOn=100.00,SIO2=52.87; B2O3=1.99; K2O=1.70; NA2O=1.27; PBO=36.64; BAO=1.11; P2O5=0.57; TEO2=1.01; RO=38.13; R2O=3.44; R2O3=3.37; RO2=1.19; R2O5=0.85; RmOn=100.00,SIO2=57.42; K2O=1.42; NA2O=0.86; PBO=40.14; RO=40.14; R2O=2.28; RmOn=100.00,adaptive_B
SF6HT,adaptive,B,0.0009873577052632908,0.05989480907533314,108.86648429473948,0.8556886672556694,20,6.520537291536175,1.0,False,True,SIO2=37.59; B2O3=8.75; K2O=2.71; NA2O=2.43; PBO=24.67; Li2O=2.11; SRO=0.65; BAO=4.82; ZNO=0.65; P2O5=2.53; TIO2=0.53; TEO2=4.39; RO=31.18; R2O=7.25; R2O3=14.40; RO2=5.19; RO3=0.65; R2O5=3.74; RmOn=100.00,SIO2=52.87; B2O3=1.99; K2O=1.70; NA2O=1.27; PBO=36.64; BAO=1.11; P2O5=0.57; TEO2=1.01; RO=38.13; R2O=3.44; R2O3=3.37; RO2=1.19; R2O5=0.85; RmOn=100.00,SIO2=57.42; K2O=1.42; NA2O=0.86; PBO=40.14; RO=40.14; R2O=2.28; RmOn=100.00,adaptive_B
N-LASF44,adaptive,B,0.047732437876598664,0.07808905038638024,16.658256395088998,0.6474466390346325,20,1.3008274229853456,1.0,False,True,SIO2=10.52; AL2O3=0.94; B2O3=40.67; CAO=0.66; ZNO=4.05; ZRO2=6.00; TIO2=0.82; RO=7.92; R2O=0.56; R2O3=70.50; RO2=6.81; RO3=0.55; R2O5=1.53; RmOn=98.73,SIO2=10.73; AL2O3=0.94; B2O3=40.48; CAO=0.66; ZNO=4.10; ZRO2=6.01; TIO2=0.80; RO=7.93; R2O=0.57; R2O3=70.26; RO2=6.82; RO3=0.54; R2O5=1.55; RmOn=98.74,SIO2=38.80; B2O3=16.20; Li2O=3.63; ZNO=6.54; ZRO2=4.86; RO=6.54; R2O=3.63; R2O3=38.17; RO2=4.86; R2O5=3.58; RmOn=95.57,adaptive_B
N-LASF45,adaptive,B,0.009835567852984853,0.03740032724365339,24.210239705347142,0.6474466390346325,20,0.9054708876272738,1.0,False,True,SIO2=22.14; B2O3=18.76; CAO=26.07; Li2O=6.72; MgO=0.97; SRO=0.56; ZRO2=2.94; TIO2=11.20; RO=28.28; R2O=6.90; R2O3=24.47; RO2=14.14; R2O5=4.07; RmOn=100.00,SIO2=22.41; B2O3=18.61; CAO=26.65; Li2O=6.04; MgO=1.06; SRO=0.52; ZRO2=3.03; TIO2=11.16; RO=28.90; R2O=6.19; R2O3=24.24; RO2=14.19; R2O5=4.07; RmOn=100.00,SIO2=22.75; B2O3=20.76; CAO=29.21; MgO=1.56; SRO=0.95; ZRO2=3.35; TIO2=12.42; RO=32.11; R2O3=26.07; RO2=15.78; R2O5=3.29; RmOn=100.00,adaptive_B
N-LAF21,adaptive,B,0.036979342618338,0.06598968984489959,21.48885484698871,0.3250829733914482,20,1.418042866474852,1.0,False,True,SIO2=6.92; AL2O3=0.79; B2O3=44.78; BAO=1.76; ZNO=3.05; P2O5=0.88; ZRO2=5.53; RO=6.93; R2O3=71.17; RO2=5.96; R2O5=2.85; RmOn=94.58,SIO2=6.94; AL2O3=0.79; B2O3=44.81; BAO=1.77; ZNO=3.08; P2O5=0.89; ZRO2=5.53; RO=6.96; R2O3=71.14; RO2=5.96; R2O5=2.87; RmOn=94.64,SIO2=4.65; B2O3=48.53; BAO=0.55; ZNO=2.92; ZRO2=6.87; RO=3.78; R2O3=82.21; RO2=7.06; R2O5=1.82; RmOn=100.00,adaptive_B
N-LAF33,adaptive,B,0.02342862276047672,0.08381422628205744,31.296760780906993,0.1985152433458726,20,2.6231137899863595,1.0,False,True,SIO2=5.94; AL2O3=1.82; B2O3=37.45; CAO=2.99; Li2O=1.04; BAO=0.94; ZNO=11.88; ZRO2=2.59; TIO2=1.40; RO=19.50; R2O=1.04; R2O3=65.36; RO2=4.23; RO3=0.68; R2O5=1.90; RmOn=99.06,SIO2=6.14; AL2O3=1.62; B2O3=38.11; CAO=2.72; Li2O=1.01; BAO=0.84; ZNO=13.33; ZRO2=2.61; TIO2=1.24; RO=20.22; R2O=1.01; R2O3=64.82; RO2=4.06; RO3=0.61; R2O5=1.92; RmOn=99.16,SIO2=7.27; AL2O3=0.76; B2O3=43.46; CAO=3.56; Li2O=1.21; BAO=1.10; ZNO=13.44; ZRO2=2.57; TIO2=1.05; RO=22.18; R2O=1.21; R2O3=61.81; RO2=3.90; R2O5=2.03; RmOn=98.90,adaptive_B
N-SF11,adaptive,B,0.020177596116468903,0.06484403010129167,21.306634573295916,0.1985152433458726,20,1.3816080536280222,1.0,False,True,SIO2=35.29; B2O3=1.32; CAO=1.00; K2O=6.47; NA2O=14.46; Li2O=0.56; BAO=3.14; P2O5=2.14; GEO2=1.36; TIO2=26.01; RO=4.23; R2O=22.30; R2O3=1.50; RO2=27.45; R2O5=8.94; RmOn=99.87,SIO2=36.17; B2O3=1.23; CAO=1.07; K2O=6.30; NA2O=14.29; Li2O=0.53; BAO=3.28; P2O5=1.90; GEO2=1.24; TIO2=25.91; RO=4.43; R2O=21.86; R2O3=1.42; RO2=27.24; R2O5=8.60; RmOn=99.88,SIO2=43.41; B2O3=1.68; CAO=1.47; K2O=4.68; NA2O=12.83; BAO=4.00; TIO2=24.92; RO=5.59; R2O=18.06; R2O3=1.89; RO2=25.05; R2O5=5.62; RmOn=99.83,adaptive_B
SF11,adaptive,B,0.00458211132898648,0.08175855998251429,52.66720760974198,1.4446460691338838,20,4.305995052472622,1.0,False,True,SIO2=25.75; B2O3=3.63; CAO=0.53; K2O=4.59; NA2O=9.83; PBO=7.85; Li2O=5.93; MgO=0.56; BAO=2.86; ZNO=2.82; P2O5=7.17; GEO2=3.73; TIO2=9.63; RO=14.69; R2O=20.35; R2O3=4.18; RO2=13.79; RO3=5.52; R2O5=15.72; RmOn=100.00,SIO2=39.00; AL2O3=1.42; B2O3=2.09; K2O=2.65; NA2O=6.07; PBO=18.66; Li2O=3.43; BAO=1.64; ZNO=1.63; P2O5=4.13; GEO2=2.14; TIO2=7.87; RO=22.60; R2O=12.15; R2O3=3.75; RO2=10.26; RO3=3.18; R2O5=9.06; RmOn=100.00,SIO2=54.35; AL2O3=2.48; NA2O=1.09; PBO=32.62; BAO=0.99; GEO2=2.65; TIO2=4.82; RO=33.61; R2O=1.43; R2O3=2.91; RO2=7.47; RmOn=100.00,adaptive_B
SF56A,adaptive,B,0.014955499210096623,0.07791039294909655,63.233301124050236,0.8260651866153443,20,4.9265313380433025,1.0,False,True,SIO2=41.62; B2O3=0.86; K2O=1.46; NA2O=4.73; PBO=28.06; Li2O=2.72; BAO=2.21; P2O5=4.78; GEO2=5.03; TIO2=1.83; RO=30.27; R2O=8.91; R2O3=1.74; RO2=6.94; RO3=3.97; R2O5=6.55; RmOn=100.00,SIO2=43.85; B2O3=0.72; K2O=1.52; NA2O=4.26; PBO=29.33; Li2O=2.29; BAO=1.86; P2O5=4.02; GEO2=4.70; TIO2=1.77; RO=31.20; R2O=8.07; R2O3=1.48; RO2=6.55; RO3=3.34; R2O5=5.52; RmOn=100.00,SIO2=58.67; K2O=1.80; NA2O=0.69; PBO=37.62; TIO2=0.90; RO=37.62; R2O=2.50; RO2=0.99; RmOn=100.00,adaptive_B
N-LAF34,adaptive,B,0.0012436744581531467,0.04609779284814883,18.890613211837977,0.5623351446188083,20,0.8708155746138104,1.0,False,True,SIO2=8.00; B2O3=51.91; BAO=1.30; ZNO=3.79; P2O5=0.65; ZRO2=6.92; RO=5.27; R2O3=76.19; RO2=7.06; R2O5=2.09; RmOn=98.82,SIO2=10.02; B2O3=52.55; ZNO=4.53; ZRO2=7.44; RO=5.05; R2O3=75.93; RO2=7.74; R2O5=0.87; RmOn=99.68,SIO2=10.29; B2O3=53.36; ZNO=4.70; ZRO2=7.54; RO=4.90; R2O3=76.41; RO2=7.85; RmOn=100.00,adaptive_B
N-SF14,adaptive,B,0.021499468006198,0.06670413857712736,23.08962165403549,0.1985152433458726,20,1.5401733225042238,1.0,False,True,SIO2=34.56; B2O3=2.78; CAO=1.08; K2O=8.73; NA2O=12.05; Li2O=2.31; BAO=2.49; P2O5=2.17; GEO2=1.16; TIO2=26.28; RO=4.04; R2O=23.31; R2O3=2.81; RO2=27.81; R2O5=7.05; RmOn=100.00,SIO2=32.44; B2O3=2.60; CAO=0.98; K2O=9.78; NA2O=12.38; Li2O=2.06; BAO=2.25; P2O5=2.47; GEO2=1.64; TIO2=26.96; RO=3.68; R2O=24.40; R2O3=2.62; RO2=28.94; R2O5=7.55; RmOn=100.00,SIO2=11.27; K2O=20.61; NA2O=15.66; P2O5=5.49; GEO2=6.50; TIO2=32.81; R2O=36.27; RO2=39.30; R2O5=13.15; RmOn=100.00,adaptive_B
P-LAF37,adaptive,B,0.02364016667050669,0.0648831149906264,13.27015677960928,0.0,20,0.8610091082750295,1.0,False,True,SIO2=11.64; B2O3=33.37; CAO=0.61; NA2O=1.48; Li2O=9.26; ZNO=23.82; ZRO2=1.52; TIO2=1.08; RO=24.69; R2O=10.79; R2O3=46.00; RO2=2.59; RO3=1.77; R2O5=1.27; RF=1.00; RHaln=1.25; RmOn=98.75,SIO2=11.93; B2O3=33.25; CAO=0.70; NA2O=1.60; Li2O=9.31; ZNO=23.36; ZRO2=1.52; TIO2=1.13; RO=24.31; R2O=10.96; R2O3=46.01; RO2=2.65; RO3=1.72; R2O5=1.27; RF=0.91; RHaln=1.15; RmOn=98.85,SIO2=20.26; B2O3=28.48; CAO=1.65; NA2O=3.79; Li2O=11.23; ZNO=13.18; ZRO2=0.81; TIO2=2.67; RO=14.96; R2O=15.13; R2O3=44.72; RO2=3.49; R2O5=1.44; RmOn=100.00,adaptive_B
SF4,adaptive,B,0.0007691720726841996,0.05117119572386684,38.22091343160003,0.3250829733914482,19,1.955809841953376,1.0,False,True,SIO2=56.10; K2O=2.86; NA2O=1.23; PBO=34.63; Li2O=0.54; P2O5=1.26; GEO2=1.33; RO=34.78; R2O=4.64; R2O3=0.66; RO2=1.83; R2O5=1.49; RmOn=99.96,SIO2=59.34; K2O=2.74; NA2O=1.19; PBO=35.36; RO=35.40; R2O=4.06; RmOn=99.99,SIO2=60.36; K2O=2.70; NA2O=0.98; PBO=35.79; RO=35.79; R2O=3.70; RmOn=99.99,adaptive_B
N-SF4,adaptive,B,0.002971736537230298,0.054812620970739,32.874214636735935,0.39439769144744274,20,1.8019218665941272,1.0,False,True,SIO2=34.15; B2O3=4.71; CAO=1.21; K2O=7.09; NA2O=12.42; Li2O=3.18; BAO=2.39; P2O5=2.81; GEO2=0.64; TIO2=24.32; RO=4.42; R2O=23.14; R2O3=4.73; RO2=25.42; R2O5=7.75; RmOn=100.00,SIO2=37.79; B2O3=3.64; CAO=1.77; K2O=5.68; NA2O=13.55; Li2O=1.58; BAO=3.11; P2O5=1.53; TIO2=25.82; RO=5.51; R2O=21.04; R2O3=3.68; RO2=26.51; R2O5=5.18; RmOn=100.00,SIO2=40.62; B2O3=3.97; CAO=1.93; K2O=5.11; NA2O=13.15; Li2O=0.65; BAO=3.39; TIO2=26.43; RO=6.01; R2O=19.15; R2O3=4.02; RO2=26.84; R2O5=3.04; RmOn=100.00,adaptive_B
N-LAK33B,adaptive,B,0.017342780098105564,0.0709576685936851,16.13122202767216,0.0,20,1.144633906650714,1.0,False,True,SIO2=5.67; AL2O3=1.91; B2O3=59.18; CAO=1.70; MgO=0.74; ZNO=1.15; ZRO2=2.25; RO=5.59; R2O3=86.13; RO2=2.35; RmOn=100.00,SIO2=5.17; AL2O3=1.72; B2O3=59.54; CAO=2.58; MgO=0.67; ZNO=1.07; ZRO2=2.09; RO=6.14; R2O3=86.27; RO2=2.18; RmOn=100.00,B2O3=68.46; CAO=3.55; MgO=1.02; ZRO2=0.61; RO=7.43; R2O3=91.64; RO2=0.61; RmOn=100.00,adaptive_B
N-LAF7,adaptive,B,0.04742775111864869,0.11516514978980216,28.09002048854421,0.6881388137135884,20,3.2349914171618055,1.0,False,True,SIO2=26.30; AL2O3=0.80; B2O3=17.95; CAO=9.82; NA2O=1.57; Li2O=1.97; MgO=0.56; SRO=5.73; BAO=9.97; ZNO=4.78; GEO2=0.54; ZRO2=1.06; TIO2=12.70; RO=30.86; R2O=3.81; R2O3=21.71; RO2=14.31; R2O5=2.99; RmOn=99.99,SIO2=26.19; AL2O3=0.75; B2O3=18.23; CAO=9.26; NA2O=1.71; Li2O=1.85; MgO=0.52; SRO=6.02; BAO=10.25; ZNO=4.91; GEO2=0.50; ZRO2=1.10; TIO2=12.50; RO=30.95; R2O=3.82; R2O3=21.77; RO2=14.10; R2O5=3.15; RmOn=99.99,SIO2=36.82; B2O3=10.85; CAO=6.04; NA2O=2.84; SRO=0.59; BAO=16.48; ZNO=7.84; ZRO2=1.14; TIO2=12.79; RO=30.94; R2O=3.02; R2O3=12.92; RO2=13.93; R2O5=2.36; RmOn=100.00,adaptive_B
N-LAK28,adaptive,B,0.013721696971798385,0.052984933457339435,8.952587147183685,0.0,20,0.47435223426455986,1.0,False,True,SIO2=2.95; AL2O3=1.42; B2O3=54.00; CAO=1.21; Li2O=0.60; ZNO=16.23; ZRO2=3.88; RO=19.86; R2O=0.60; R2O3=72.17; RO2=4.21; RmOn=100.00,SIO2=3.18; AL2O3=1.24; B2O3=54.02; CAO=1.31; Li2O=0.51; ZNO=16.33; ZRO2=4.06; RO=19.88; R2O=0.51; R2O3=71.84; RO2=4.35; RmOn=100.00,SIO2=6.47; B2O3=53.32; CAO=3.32; Li2O=0.76; ZNO=9.43; ZRO2=4.85; RO=18.43; R2O=0.76; R2O3=68.90; RO2=4.85; R2O5=0.59; RmOn=100.00,adaptive_B
N-LAF2,adaptive,B,0.002127114037646848,0.08239026217818263,46.691449642916204,0.0,20,3.8469207775592777,1.0,False,True,SIO2=14.49; AL2O3=0.93; B2O3=38.81; CAO=3.21; MgO=0.51; SRO=0.59; BAO=6.35; ZNO=1.07; ZRO2=1.53; TIO2=3.12; RO=14.60; R2O3=64.04; RO2=4.65; RO3=0.84; R2O5=0.78; RmOn=99.69,SIO2=25.44; B2O3=27.88; CAO=2.11; BAO=20.49; ZNO=0.66; ZRO2=2.01; TIO2=3.67; RO=24.70; R2O3=42.22; RO2=5.68; RO3=0.51; R2O5=1.23; RmOn=99.89,SIO2=32.52; B2O3=21.69; CAO=1.30; BAO=27.02; ZRO2=2.06; TIO2=4.32; RO=28.70; R2O3=30.56; RO2=6.39; R2O5=1.50; RmOn=100.00,adaptive_B
SF3,adaptive,B,6.546376452869212e-08,0.058592310684520796,39.87074936123613,0.5181862130502128,20,2.3361193337982065,1.0,False,True,SIO2=50.65; B2O3=2.44; K2O=2.68; NA2O=3.40; PBO=27.49; Li2O=1.44; BAO=2.79; P2O5=3.60; TIO2=1.30; RO=30.34; R2O=7.53; R2O3=3.61; RO2=1.88; RO3=1.25; R2O5=4.20; RmOn=99.46,SIO2=60.99; K2O=3.06; NA2O=2.79; PBO=33.04; RO=33.04; R2O=5.85; RmOn=100.00,SIO2=60.99; K2O=3.06; NA2O=2.79; PBO=33.04; RO=33.04; R2O=5.85; RmOn=100.00,adaptive_B
N-LAK34,adaptive,B,0.009348767052434936,0.0565900321954302,96.46293224093648,0.5004024235381879,20,5.458840441180198,1.0,False,True,SIO2=0.58; AL2O3=2.73; B2O3=59.69; CAO=1.92; BAO=5.81; P2O5=5.50; RO=9.43; R2O3=81.29; R2O5=8.19; RmOn=100.00,AL2O3=2.36; B2O3=62.76; CAO=2.09; BAO=4.45; P2O5=4.20; RO=8.05; R2O3=84.84; R2O5=6.26; RmOn=100.00,AL2O3=0.88; B2O3=73.91; CAO=1.42; MgO=0.75; RO=2.51; R2O3=97.49; RmOn=100.00,adaptive_B
N-SF10,adaptive,B,0.0126441259132404,0.06269281377760297,28.012492046877195,0.3250829733914482,20,1.7561819473414562,1.0,False,True,SIO2=38.69; B2O3=4.44; CAO=0.68; K2O=7.49; NA2O=12.13; Li2O=3.01; BAO=1.63; P2O5=3.39; TIO2=20.24; RO=2.98; R2O=23.71; R2O3=4.82; RO2=20.54; R2O5=9.05; RmOn=100.00,SIO2=39.39; B2O3=4.10; CAO=0.80; K2O=7.03; NA2O=12.94; Li2O=2.41; BAO=1.92; P2O5=3.06; TIO2=20.88; RO=3.26; R2O=23.25; R2O3=4.50; RO2=21.25; R2O5=8.17; RmOn=100.00,SIO2=45.33; B2O3=1.56; CAO=1.08; K2O=7.62; NA2O=13.07; BAO=2.60; TIO2=23.54; RO=4.10; R2O=20.89; R2O3=2.10; RO2=24.03; R2O5=3.30; RmOn=100.00,adaptive_B
SF10,adaptive,B,0.04452394217480887,0.08208130200304536,50.161752291841196,1.0097627067113208,20,4.11734193886857,1.0,False,True,SIO2=7.60; B2O3=0.91; K2O=1.08; NA2O=12.11; PBO=3.05; Li2O=8.22; SRO=0.59; ZNO=26.08; P2O5=22.19; GEO2=3.10; TIO2=3.88; RO=29.72; R2O=21.40; R2O3=1.50; RO2=7.09; R2O5=32.68; RmOn=100.00,SIO2=7.43; B2O3=0.89; K2O=1.11; NA2O=12.17; PBO=3.00; Li2O=8.22; SRO=0.58; ZNO=26.17; P2O5=22.29; GEO2=3.06; TIO2=3.78; RO=29.75; R2O=21.49; R2O3=1.48; RO2=6.95; R2O5=32.89; RmOn=100.00,K2O=1.24; NA2O=13.72; Li2O=9.52; SRO=0.51; ZNO=32.11; P2O5=27.35; TIO2=2.35; RO=32.62; R2O=24.48; RO2=2.35; R2O5=40.36; RmOn=100.00,adaptive_B
P-SF69,adaptive,B,0.044186172118646845,0.07106742257014552,55.468900949482254,0.8864644756797975,20,3.9420318232784015,1.0,False,True,SIO2=32.77; B2O3=2.27; CAO=1.55; K2O=3.46; NA2O=16.22; Li2O=3.75; SRO=0.62; BAO=0.78; ZNO=5.66; P2O5=8.24; ZRO2=0.53; TIO2=17.84; RO=9.10; R2O=23.45; R2O3=2.39; RO2=18.39; R2O5=13.87; RmOn=100.00,SIO2=32.92; B2O3=2.28; CAO=1.56; K2O=3.48; NA2O=16.16; Li2O=3.74; SRO=0.62; BAO=0.79; ZNO=5.60; P2O5=8.15; ZRO2=0.54; TIO2=17.89; RO=9.05; R2O=23.39; R2O3=2.41; RO2=18.45; R2O5=13.73; RmOn=100.00,SIO2=44.60; B2O3=2.51; CAO=1.58; K2O=2.74; NA2O=18.65; MgO=0.71; BAO=1.14; ZRO2=0.77; TIO2=25.52; RO=3.77; R2O=21.61; R2O3=2.69; RO2=26.33; R2O5=0.94; RmOn=100.00,adaptive_B
N-KZFS8,adaptive,B,0.026319814196492018,0.06749516305895883,4.533802374716339,0.3250829733914482,20,0.3060097305585741,1.0,False,True,SIO2=49.79; B2O3=2.11; CAO=6.10; K2O=4.19; NA2O=5.87; Li2O=3.22; SRO=0.90; BAO=5.64; ZNO=0.67; ZRO2=4.12; TIO2=14.23; RO=13.34; R2O=13.28; R2O3=2.49; RO2=18.47; R2O5=2.23; RmOn=99.61,SIO2=49.57; B2O3=2.35; CAO=6.01; K2O=4.16; NA2O=5.98; Li2O=3.61; SRO=0.86; BAO=5.47; ZNO=0.66; ZRO2=4.17; TIO2=13.78; RO=13.03; R2O=13.75; R2O3=2.72; RO2=18.07; R2O5=2.49; RmOn=99.63,SIO2=44.78; B2O3=8.45; CAO=4.50; K2O=3.21; NA2O=8.14; Li2O=14.07; BAO=0.55; ZRO2=6.14; RO=5.05; R2O=25.42; R2O3=8.45; RO2=6.56; R2O5=9.74; RmOn=100.00,adaptive_B
N-LAK10,adaptive,B,0.01715573143713765,0.07686140252454768,19.874826398079634,0.1985152433458726,20,1.5276070318883048,1.0,False,True,SIO2=6.74; AL2O3=1.46; B2O3=50.58; CAO=8.49; Li2O=0.53; MgO=4.36; SRO=1.55; BAO=1.06; ZNO=6.97; ZRO2=4.27; RO=22.53; R2O=0.53; R2O3=64.02; RO2=4.65; R2O5=1.53; RmOn=100.00,SIO2=7.67; AL2O3=1.52; B2O3=49.51; CAO=7.65; MgO=3.95; SRO=2.57; BAO=1.18; ZNO=7.26; ZRO2=4.43; RO=22.71; R2O3=62.85; RO2=4.92; R2O5=1.37; RmOn=100.00,SIO2=15.21; AL2O3=1.48; B2O3=38.95; CAO=9.57; MgO=1.40; SRO=5.81; BAO=2.48; ZNO=8.61; ZRO2=5.94; TIO2=0.89; RO=28.07; R2O3=49.55; RO2=6.83; RmOn=100.00,adaptive_B
N-SF1,adaptive,B,0.004387121560512919,0.05115972692259359,28.07907385458613,0.3250829733914482,20,1.4365177506399638,1.0,False,True,SIO2=41.06; B2O3=4.49; CAO=1.39; K2O=4.99; NA2O=12.67; Li2O=2.85; MgO=0.50; BAO=1.48; P2O5=4.04; ZRO2=0.88; TIO2=19.73; RO=4.07; R2O=21.06; R2O3=4.80; RO2=20.64; R2O5=8.27; RmOn=100.00,SIO2=42.82; B2O3=4.02; CAO=1.79; K2O=4.92; NA2O=13.31; Li2O=1.96; BAO=1.91; P2O5=2.85; ZRO2=0.66; TIO2=20.35; RO=4.56; R2O=20.60; R2O3=4.25; RO2=21.06; R2O5=6.60; RmOn=100.00,SIO2=46.38; B2O3=3.93; CAO=1.94; K2O=5.33; NA2O=12.55; Li2O=0.76; BAO=2.07; ZRO2=0.72; TIO2=22.04; RO=4.93; R2O=19.09; R2O3=4.18; RO2=22.81; R2O5=2.48; RmOn=100.00,adaptive_B
SF1,adaptive,B,0.0008954232142831375,0.036443848655624125,24.248514584318446,0.39439769144744274,17,0.8837091956345958,1.0,False,True,SIO2=63.36; K2O=3.24; NA2O=1.61; PBO=30.61; RO=30.65; R2O=4.95; RmOn=100.00,SIO2=63.09; K2O=3.41; NA2O=1.98; PBO=30.66; RO=30.69; R2O=5.44; RmOn=100.00,SIO2=63.58; K2O=3.40; NA2O=1.79; PBO=30.90; RO=30.90; R2O=5.20; RmOn=100.00,adaptive_B
N-LAK8,adaptive,B,0.03464978631954586,0.06989467440539897,33.69616260485034,0.1985152433458726,20,2.3551823139773953,1.0,False,True,SIO2=6.05; AL2O3=1.32; B2O3=52.41; CAO=11.08; MgO=4.87; SRO=1.04; BAO=1.72; ZNO=4.01; GEO2=2.57; ZRO2=2.05; RO=22.72; R2O3=65.55; RO2=4.65; R2O5=0.91; RmOn=100.00,SIO2=5.86; AL2O3=1.24; B2O3=52.69; CAO=11.23; MgO=5.05; SRO=0.97; BAO=1.66; ZNO=3.90; GEO2=2.43; ZRO2=2.00; RO=22.81; R2O3=65.76; RO2=4.46; R2O5=0.99; RmOn=100.00,SIO2=3.04; AL2O3=1.32; B2O3=58.22; CAO=12.20; MgO=6.09; BAO=0.76; ZNO=2.91; ZRO2=1.51; RO=21.96; R2O3=72.19; RO2=1.53; R2O5=1.28; RmOn=100.00,adaptive_B
N-BASF64,adaptive,B,0.005722278591386953,0.03234236961277246,26.20987584321088,0.1985152433458726,20,0.8476894920260025,1.0,False,True,SIO2=33.05; AL2O3=0.91; B2O3=13.42; CAO=15.20; K2O=2.12; NA2O=3.33; Li2O=5.34; MgO=6.65; SRO=1.40; ZNO=1.19; P2O5=0.84; ZRO2=3.48; TIO2=7.12; RO=24.46; R2O=10.79; R2O3=17.98; RO2=10.76; R2O5=2.78; RmOn=100.00,SIO2=33.97; AL2O3=0.75; B2O3=12.63; CAO=14.96; K2O=2.18; NA2O=3.29; Li2O=5.71; MgO=6.61; SRO=1.29; ZNO=1.43; P2O5=0.86; ZRO2=3.67; TIO2=7.01; RO=24.31; R2O=11.17; R2O3=16.65; RO2=10.81; R2O5=2.96; RmOn=100.00,SIO2=33.54; AL2O3=0.94; B2O3=10.50; CAO=17.79; K2O=2.72; NA2O=2.85; Li2O=3.89; MgO=8.27; SRO=1.10; ZNO=1.79; P2O5=1.08; ZRO2=3.97; TIO2=7.22; RO=28.98; R2O=9.46; R2O3=13.37; RO2=11.35; R2O5=3.12; RmOn=100.00,adaptive_B
N-SF15,adaptive,B,0.00614700314129647,0.061079822922036606,36.121122903291834,0.42270908780599087,20,2.206271790678186,1.0,False,True,SIO2=41.80; B2O3=2.54; CAO=1.67; K2O=3.10; NA2O=12.79; Li2O=4.02; BAO=1.10; P2O5=4.49; GEO2=1.66; ZRO2=1.25; TIO2=20.99; RO=3.52; R2O=19.95; R2O3=3.01; RO2=23.90; R2O5=6.73; RmOn=98.94,SIO2=44.69; B2O3=2.56; CAO=1.73; K2O=3.64; NA2O=12.29; Li2O=2.93; BAO=1.43; P2O5=3.26; GEO2=1.21; ZRO2=1.21; TIO2=21.20; RO=3.74; R2O=18.89; R2O3=3.00; RO2=23.66; R2O5=5.22; RmOn=99.23,SIO2=48.97; B2O3=2.59; CAO=1.90; K2O=3.99; NA2O=12.44; Li2O=0.63; BAO=1.57; GEO2=1.33; ZRO2=1.33; TIO2=22.26; RO=4.10; R2O=17.10; R2O3=3.08; RO2=24.95; R2O5=0.93; RmOn=99.15,adaptive_B
N-LAK14,adaptive,B,0.02228451082520315,0.07160211918801328,38.461088169512145,0.1985152433458726,20,2.753895419214096,1.0,False,True,SIO2=4.69; AL2O3=2.29; B2O3=55.97; CAO=11.06; MgO=4.07; BAO=1.88; ZNO=2.57; P2O5=2.07; ZRO2=1.14; RO=19.64; R2O3=71.17; RO2=1.18; R2O5=3.17; RmOn=100.00,SIO2=4.44; AL2O3=2.12; B2O3=56.63; CAO=11.27; MgO=3.97; BAO=1.76; ZNO=2.42; P2O5=1.92; ZRO2=1.07; RO=19.49; R2O3=71.89; RO2=1.11; R2O5=2.94; RmOn=100.00,SIO2=5.27; B2O3=58.36; CAO=13.40; MgO=4.72; BAO=0.73; ZNO=2.87; ZRO2=1.28; RO=21.79; R2O3=71.15; RO2=1.32; RmOn=100.00,adaptive_B
P-LAK35,adaptive,B,0.011081819248639024,0.02769346785961359,11.129666058030768,0.0,20,0.3082190492663074,1.0,False,True,SIO2=11.17; B2O3=41.37; CAO=7.71; Li2O=11.73; SRO=2.17; BAO=0.65; ZNO=14.00; ZRO2=1.33; RO=24.66; R2O=11.76; R2O3=50.87; RO2=1.35; RmOn=100.00,SIO2=11.41; B2O3=41.31; CAO=7.65; Li2O=11.78; SRO=2.05; BAO=0.67; ZNO=13.78; ZRO2=1.41; RO=24.27; R2O=11.81; R2O3=50.89; RO2=1.43; RmOn=100.00,SIO2=11.37; B2O3=41.28; CAO=11.48; Li2O=12.03; SRO=1.29; ZNO=10.32; ZRO2=2.14; RO=23.34; R2O=12.03; R2O3=50.86; RO2=2.14; RmOn=100.00,adaptive_B
N-LAK9,adaptive,B,0.015265126185454995,0.05894779191883587,33.81947644190554,0.1985152433458726,20,1.9935834601014195,1.0,False,True,SIO2=7.43; B2O3=50.23; CAO=14.99; Li2O=0.64; MgO=2.51; BAO=3.26; ZNO=3.50; P2O5=3.62; ZRO2=1.91; RO=24.67; R2O=0.66; R2O3=60.22; RO2=1.96; R2O5=5.06; RmOn=100.00,SIO2=8.05; B2O3=49.56; CAO=15.07; Li2O=0.64; MgO=2.44; BAO=3.37; ZNO=3.66; P2O5=3.55; ZRO2=1.99; RO=24.90; R2O=0.66; R2O3=59.37; RO2=2.04; R2O5=4.98; RmOn=100.00,SIO2=11.34; B2O3=49.52; CAO=17.53; Li2O=0.90; MgO=1.08; SRO=0.52; BAO=1.75; ZNO=4.93; ZRO2=2.64; RO=25.81; R2O=0.93; R2O3=59.20; RO2=2.71; RmOn=100.00,adaptive_B
LAK9G15,adaptive,B,0.02882540033080634,0.0679638379343309,49.2510756559988,0.39439769144744274,20,3.3472921239757722,1.0,False,True,SIO2=7.14; B2O3=48.86; CAO=15.71; MgO=0.56; SRO=0.81; BAO=4.65; ZNO=4.12; P2O5=2.06; GEO2=2.50; ZRO2=2.19; RO=25.86; R2O3=58.75; RO2=4.73; R2O5=3.32; RmOn=100.00,SIO2=6.94; B2O3=49.15; CAO=16.46; MgO=0.53; SRO=0.77; BAO=4.40; ZNO=3.97; P2O5=1.95; GEO2=2.39; ZRO2=2.17; RO=26.13; R2O3=59.02; RO2=4.59; R2O5=3.14; RmOn=100.00,SIO2=7.51; B2O3=53.17; CAO=17.81; MgO=0.57; SRO=0.83; BAO=2.70; ZNO=4.30; ZRO2=2.34; RO=26.21; R2O3=63.25; RO2=2.39; RmOn=100.00,adaptive_B
N-SF8,adaptive,B,0.011147512831720349,0.06920128422867022,24.659693581695795,0.3250829733914482,20,1.7064824645388454,1.0,False,True,SIO2=45.76; B2O3=1.87; CAO=2.19; K2O=3.07; NA2O=16.13; Li2O=2.48; BAO=0.98; P2O5=2.72; ZRO2=0.95; TIO2=21.82; RO=3.48; R2O=21.75; R2O3=2.06; RO2=22.78; R2O5=4.14; RmOn=100.00,SIO2=47.06; B2O3=2.11; CAO=2.30; K2O=3.60; NA2O=15.13; Li2O=1.91; BAO=1.18; P2O5=2.08; ZRO2=0.98; TIO2=21.53; RO=3.71; R2O=20.79; R2O3=2.39; RO2=22.52; R2O5=3.49; RmOn=100.00,SIO2=49.96; B2O3=2.05; CAO=2.44; K2O=3.82; NA2O=14.99; Li2O=0.80; BAO=1.25; ZRO2=1.05; TIO2=22.02; RO=3.94; R2O=19.77; R2O3=2.34; RO2=23.07; R2O5=0.88; RmOn=100.00,adaptive_B
N-LAK12,adaptive,B,0.04492412931203898,0.06000164396004905,49.979174414660136,0.0,20,2.9988326286456304,1.0,False,True,SIO2=20.31; B2O3=41.93; CAO=0.94; Li2O=2.56; BAO=24.89; RO=26.09; R2O=2.58; R2O3=49.35; RO2=1.66; RmOn=100.00,SIO2=20.27; B2O3=41.99; CAO=0.93; Li2O=2.55; BAO=24.88; RO=26.07; R2O=2.57; R2O3=49.41; RO2=1.68; RmOn=100.00,SIO2=30.14; AL2O3=0.57; B2O3=26.11; BAO=41.00; RO=41.00; R2O3=27.18; RO2=1.69; RmOn=100.00,adaptive_B
N-SF5,adaptive,B,0.041132232124945246,0.07122343898858144,26.468127811545664,0.1985152433458726,20,1.8851510863275982,1.0,False,True,SIO2=46.10; B2O3=0.74; CAO=1.33; K2O=2.70; NA2O=18.02; Li2O=0.94; P2O5=5.00; ZRO2=0.82; TIO2=20.33; RO=2.30; FemOn=2.46; R2O=21.70; R2O3=3.43; RO2=21.17; R2O5=5.25; RmOn=99.95,SIO2=45.71; B2O3=0.75; CAO=1.32; K2O=2.70; NA2O=17.84; Li2O=0.94; P2O5=5.52; ZRO2=0.82; TIO2=20.15; RO=2.29; FemOn=2.72; R2O=21.51; R2O3=3.69; RO2=20.98; R2O5=5.76; RmOn=99.95,P2O5=67.00; FemOn=33.00; R2O3=33.00; R2O5=67.00; RmOn=100.00,adaptive_B
SF5,adaptive,B,0.011579118860023658,0.04152874012442527,70.01487250036912,0.7083465777061714,20,2.907629444912599,1.0,False,True,SIO2=61.20; B2O3=0.97; K2O=4.47; NA2O=3.10; PBO=23.51; Li2O=0.51; BAO=0.95; P2O5=1.53; GEO2=1.51; TIO2=0.58; RO=25.01; R2O=8.08; R2O3=1.08; RO2=2.09; R2O5=2.13; RmOn=99.85,SIO2=61.18; B2O3=1.10; K2O=4.49; NA2O=2.80; PBO=23.52; BAO=1.06; P2O5=1.44; GEO2=1.73; TIO2=0.60; RO=25.05; R2O=7.78; R2O3=1.21; RO2=2.34; R2O5=2.01; RmOn=99.82,SIO2=66.22; B2O3=0.98; K2O=4.74; NA2O=0.94; PBO=25.46; BAO=1.14; RO=26.80; R2O=5.68; R2O3=1.10; RmOn=99.80,adaptive_B
N-BAF10,adaptive,B,0.02118613830123499,0.03322180720315522,13.599068827047981,0.0,20,0.45178564271462623,1.0,False,True,SIO2=15.06; AL2O3=0.55; B2O3=27.29; CAO=1.19; NA2O=0.70; SRO=1.21; BAO=2.76; ZNO=49.79; TIO2=0.87; RO=55.22; R2O=0.70; R2O3=28.02; RO2=0.87; RmOn=100.00,SIO2=15.14; AL2O3=0.55; B2O3=27.25; CAO=1.20; NA2O=0.71; SRO=1.20; BAO=2.80; ZNO=49.69; TIO2=0.88; RO=55.16; R2O=0.71; R2O3=27.99; RO2=0.88; RmOn=100.00,SIO2=45.40; AL2O3=0.66; B2O3=11.81; CAO=6.81; PBO=2.24; BAO=22.84; ZNO=6.04; TIO2=4.08; RO=37.93; R2O3=12.59; RO2=4.08; RmOn=100.00,adaptive_B
N-BASF2,adaptive,B,0.010019348162976624,0.07712342545492827,70.5156311428658,1.376226604344546,20,5.438407021854029,1.0,False,True,SIO2=43.61; AL2O3=1.14; B2O3=7.32; CAO=3.38; K2O=1.19; NA2O=8.72; Li2O=0.81; MgO=3.35; SRO=0.60; BAO=3.73; P2O5=9.31; ZRO2=3.70; TIO2=3.51; RO=13.27; FemOn=2.10; R2O=10.73; R2O3=9.54; RO2=7.22; R2O5=15.64; RmOn=100.00,SIO2=44.84; AL2O3=1.87; B2O3=6.14; CAO=4.37; K2O=0.90; NA2O=7.53; Li2O=0.66; MgO=5.63; BAO=2.82; P2O5=6.99; ZRO2=3.16; TIO2=3.02; RO=18.88; FemOn=5.49; R2O=9.10; R2O3=8.81; RO2=6.18; R2O5=12.19; RmOn=100.00,SIO2=52.18; AL2O3=1.76; B2O3=5.22; CAO=5.08; K2O=1.05; NA2O=8.77; Li2O=0.77; MgO=5.36; SRO=0.52; BAO=0.87; ZRO2=3.67; TIO2=3.52; RO=18.36; FemOn=6.38; R2O=10.59; R2O3=7.68; RO2=7.19; R2O5=4.00; RmOn=100.00,adaptive_B
N-SSK5,adaptive,B,0.020041082282419364,0.07544775615509094,56.35300451932681,0.1985152433458726,20,4.251707743580907,1.0,False,True,SIO2=19.96; B2O3=31.23; CAO=1.87; MgO=1.79; SRO=0.59; BAO=8.45; ZNO=28.90; ZRO2=0.76; TIO2=0.78; RO=43.71; R2O3=33.85; RO2=1.54; RmOn=99.89,SIO2=22.40; AL2O3=0.52; B2O3=29.81; CAO=2.21; MgO=1.82; SRO=0.53; BAO=9.76; ZNO=26.27; ZRO2=0.68; TIO2=1.03; RO=42.54; R2O3=32.45; RO2=1.70; RmOn=99.91,SIO2=43.63; AL2O3=1.27; B2O3=15.18; CAO=4.63; BAO=23.80; ZNO=5.22; ZRO2=1.66; TIO2=2.37; RO=34.23; R2O3=17.68; RO2=4.03; RmOn=99.77,adaptive_B
N-KZFS5,adaptive,B,0.008467795455321763,0.07687455595536997,25.673070314686882,0.9958213213455276,20,1.9736058804525445,1.0,False,True,SIO2=48.35; B2O3=9.84; CAO=3.02; K2O=0.60; NA2O=13.61; Li2O=2.41; MgO=0.53; SRO=0.93; ZNO=1.94; P2O5=2.94; ZRO2=6.29; TIO2=2.08; RO=6.89; FemOn=1.45; R2O=16.63; R2O3=11.70; RO2=8.37; R2O5=8.06; RmOn=100.00,SIO2=48.99; B2O3=10.46; CAO=3.09; NA2O=13.70; Li2O=2.08; MgO=0.69; SRO=0.78; ZNO=2.04; P2O5=2.02; ZRO2=7.25; TIO2=1.67; RO=6.99; FemOn=0.99; R2O=16.21; R2O3=11.79; RO2=8.92; R2O5=7.10; RmOn=100.00,SIO2=50.97; B2O3=12.70; CAO=2.20; NA2O=15.26; Li2O=0.77; MgO=0.84; ZNO=1.38; ZRO2=8.67; RO=4.63; R2O=16.40; R2O3=12.98; RO2=8.87; R2O5=6.16; RmOn=100.00,adaptive_B
N-BAF51,adaptive,B,0.01176197105514862,0.0533787874415846,99.32028286090737,0.7083465777061714,20,5.3015962674704324,1.0,False,True,SIO2=32.43; AL2O3=3.89; B2O3=19.07; CAO=9.48; K2O=0.64; NA2O=6.06; PBO=4.21; SRO=2.68; BAO=7.44; ZNO=2.83; P2O5=3.16; GEO2=1.43; ZRO2=1.72; TIO2=2.86; RO=27.06; R2O=6.81; R2O3=23.97; RO2=6.01; R2O5=3.72; RmOn=100.00,SIO2=34.16; AL2O3=3.48; B2O3=17.46; CAO=9.70; K2O=0.66; NA2O=6.29; PBO=3.78; SRO=2.48; BAO=7.92; ZNO=3.00; P2O5=2.95; GEO2=1.22; ZRO2=1.82; TIO2=3.17; RO=27.27; R2O=7.05; R2O3=21.85; RO2=6.20; R2O5=3.47; RmOn=100.00,SIO2=45.63; AL2O3=1.60; B2O3=4.91; CAO=12.96; K2O=0.88; NA2O=8.23; PBO=1.55; SRO=3.31; BAO=8.66; ZNO=4.00; GEO2=1.63; ZRO2=2.11; TIO2=4.23; RO=30.47; R2O=9.24; R2O3=6.68; RO2=7.97; RmOn=100.00,adaptive_B
N-LAK7,adaptive,B,0.03533780037209765,0.053556799653739086,14.270759304917416,0.0,20,0.7642961970001949,1.0,False,True,SIO2=26.35; B2O3=35.95; BAO=36.81; RO=37.02; R2O3=36.50; RmOn=100.00,SIO2=26.28; B2O3=36.01; BAO=36.82; RO=37.03; R2O3=36.56; RmOn=100.00,SIO2=6.09; B2O3=53.43; BAO=40.48; RO=40.48; R2O3=53.43; RmOn=100.00,adaptive_B
N-LAK22,adaptive,B,0.027524930542090098,0.08411713189873071,66.9067578001549,0.8568409950394724,20,5.6280045707920605,1.0,False,True,SIO2=44.00; AL2O3=0.94; B2O3=16.68; BAO=25.23; P2O5=3.78; ZRO2=0.90; RO=28.99; R2O3=21.20; RO2=0.90; R2O5=4.91; RmOn=100.00,SIO2=44.94; AL2O3=0.84; B2O3=16.70; BAO=24.98; P2O5=3.36; ZRO2=1.11; RO=28.32; R2O3=21.23; RO2=1.11; R2O5=4.40; RmOn=100.00,SIO2=55.96; B2O3=11.23; BAO=27.62; ZRO2=1.38; RO=27.62; R2O3=15.04; RO2=1.38; RmOn=100.00,adaptive_B
N-SF2,adaptive,B,0.02131168209258269,0.04212142183620743,6.246623980277185,0.0,20,0.2631166837254244,1.0,False,True,SIO2=53.60; B2O3=1.24; K2O=1.42; NA2O=21.25; Li2O=1.93; TIO2=19.54; RO=0.55; R2O=24.60; R2O3=1.49; RO2=19.70; RmOn=100.00,SIO2=53.59; B2O3=1.30; K2O=1.47; NA2O=21.18; Li2O=1.92; TIO2=19.55; RO=0.54; R2O=24.57; R2O3=1.53; RO2=19.70; RmOn=100.00,SIO2=45.64; B2O3=3.80; K2O=3.25; NA2O=26.40; TIO2=20.22; R2O=29.65; R2O3=3.84; RO2=20.22; RmOn=100.00,adaptive_B
SF2,adaptive,B,0.002321680472709644,0.022750221548655518,19.45051900346388,0.1985152433458726,16,0.44250361656513765,1.0,False,True,SIO2=68.53; K2O=6.44; NA2O=1.64; PBO=22.77; RO=22.98; R2O=8.07; RmOn=100.00,SIO2=67.98; K2O=6.57; NA2O=1.67; PBO=22.54; GEO2=0.57; RO=23.02; R2O=8.24; RO2=0.57; RmOn=100.00,SIO2=68.97; K2O=7.28; PBO=22.90; RO=23.23; R2O=7.65; RmOn=100.00,adaptive_B
N-LAK21,adaptive,B,0.022969598982113194,0.036102554466920234,15.781014813868628,0.0,20,0.5697349468609673,1.0,False,True,SIO2=24.25; B2O3=40.46; BAO=35.30; RO=35.30; R2O3=40.46; RmOn=100.00,SIO2=24.37; B2O3=40.35; BAO=35.28; RO=35.28; R2O3=40.35; RmOn=100.00,SIO2=37.90; B2O3=29.33; BAO=32.76; RO=32.76; R2O3=29.33; RmOn=100.00,adaptive_B
N-KZFS11,adaptive,B,0.03371958415149838,0.09395053641589288,97.71893955530614,1.303450812836454,20,9.180746789213224,1.0,False,True,SIO2=18.93; AL2O3=4.67; B2O3=33.52; CAO=1.78; K2O=0.61; NA2O=3.19; PBO=6.15; Li2O=0.97; SRO=4.09; BAO=2.55; ZNO=7.96; P2O5=8.90; ZRO2=0.91; TIO2=2.71; RO=22.57; R2O=4.78; R2O3=39.04; RO2=3.65; R2O5=11.03; RmOn=100.00,SIO2=18.12; AL2O3=4.44; B2O3=31.89; CAO=1.69; K2O=0.59; NA2O=3.07; PBO=5.85; Li2O=1.36; SRO=5.24; BAO=2.48; ZNO=7.57; P2O5=10.85; ZRO2=0.87; TIO2=2.60; RO=22.88; R2O=5.01; R2O3=37.13; RO2=3.50; R2O5=13.35; RmOn=100.00,Li2O=6.76; SRO=20.29; BAO=6.47; P2O5=56.47; RO=26.76; R2O=6.76; R2O5=66.47; RmOn=100.00,adaptive_B
N-SSK20,adaptive,B,0.015778836985158293,0.04812531090007278,66.01626820568569,0.0,20,3.1770534318612134,1.0,False,True,SIO2=42.61; AL2O3=0.56; B2O3=14.40; CAO=2.54; K2O=2.31; NA2O=5.84; PBO=0.80; Li2O=1.93; BAO=8.66; ZNO=11.98; ZRO2=1.45; TIO2=1.37; RO=25.02; R2O=10.09; R2O3=17.01; RO2=3.23; RF3=1.85; RHaln=1.97; RmOn=98.03,SIO2=44.35; B2O3=12.56; CAO=2.33; K2O=2.41; NA2O=6.02; PBO=0.70; Li2O=1.92; BAO=8.21; ZNO=12.93; ZRO2=1.65; TIO2=1.27; RO=25.06; R2O=10.35; R2O3=15.14; RO2=3.31; RF3=1.60; RHaln=1.71; RmOn=98.29,SIO2=53.81; B2O3=2.71; CAO=1.86; K2O=2.93; NA2O=7.07; Li2O=2.34; BAO=7.42; ZNO=15.77; ZRO2=2.02; TIO2=1.28; RO=25.05; R2O=12.34; R2O3=4.94; RO2=3.77; RmOn=100.00,adaptive_B
N-SSK2,adaptive,B,0.02001650795728036,0.06790596442855554,92.36966857917216,0.42270908780599087,20,6.272451428814729,1.0,False,True,SIO2=31.14; AL2O3=1.48; B2O3=17.26; CAO=5.18; NA2O=1.83; Li2O=2.38; MgO=3.56; BAO=13.89; ZNO=2.18; P2O5=6.69; GEO2=8.77; TIO2=1.32; RO=26.20; R2O=4.67; R2O3=20.62; RO2=10.16; R2O5=7.13; RmOn=99.92,SIO2=32.40; AL2O3=1.58; B2O3=16.32; CAO=5.93; NA2O=1.68; Li2O=2.17; MgO=3.24; BAO=13.75; ZNO=2.17; P2O5=6.52; GEO2=8.81; TIO2=1.44; RO=26.36; R2O=4.28; R2O3=19.61; RO2=10.35; R2O5=6.93; RmOn=99.93,SIO2=45.69; AL2O3=2.24; B2O3=8.89; CAO=8.44; K2O=0.61; NA2O=1.97; Li2O=3.10; BAO=19.58; ZNO=3.09; P2O5=3.57; TIO2=1.29; RO=31.34; R2O=5.67; R2O3=11.77; RO2=1.43; R2O5=3.99; RmOn=99.90,adaptive_B
F2G12,adaptive,B,0.010444769990941495,0.019172358161263656,3.346792559796309,0.0,20,0.06416590564786724,1.0,False,True,SIO2=69.45; K2O=6.86; NA2O=2.07; PBO=21.10; RO=21.20; R2O=9.16; RmOn=100.00,SIO2=69.43; K2O=6.85; NA2O=2.09; PBO=21.11; RO=21.21; R2O=9.17; RmOn=100.00,SIO2=71.24; K2O=7.61; NA2O=1.30; PBO=19.45; RO=19.45; R2O=9.18; RmOn=100.00,adaptive_B
N-SK16,adaptive,B,0.001524222635551186,0.040042582066784176,20.674703238151352,0.3250829733914482,20,0.827868501120084,1.0,False,True,SIO2=41.02; AL2O3=0.95; B2O3=23.49; BAO=29.10; P2O5=3.34; RO=29.64; R2O3=25.45; R2O5=3.34; RmOn=99.99,SIO2=42.63; AL2O3=1.25; B2O3=24.38; BAO=28.62; ZNO=0.52; P2O5=1.49; RO=29.22; R2O3=26.18; R2O5=1.49; RmOn=99.97,SIO2=45.13; AL2O3=1.33; B2O3=24.21; BAO=28.15; ZNO=0.55; RO=28.79; R2O3=25.74; RmOn=99.97,adaptive_B
N-F2,adaptive,B,0.02067157655144129,0.05477802825657816,57.267569865396666,0.5623351446188083,20,3.1370045602722625,1.0,False,True,SIO2=51.62; AL2O3=2.55; B2O3=5.64; CAO=6.79; K2O=1.98; NA2O=13.69; Li2O=3.79; TIO2=13.46; RO=6.79; R2O=19.46; R2O3=8.25; RO2=13.88; RmOn=100.00,SIO2=52.82; AL2O3=2.23; B2O3=4.94; CAO=5.95; K2O=1.72; NA2O=14.19; Li2O=3.97; TIO2=13.74; RO=5.95; R2O=19.88; R2O3=7.23; RO2=14.13; RmOn=100.00,SIO2=60.36; K2O=2.01; NA2O=16.51; Li2O=4.23; TIO2=16.00; R2O=22.75; RO2=16.44; RmOn=100.00,adaptive_B
F2,adaptive,B,0.006811194648083648,0.017617122933676545,3.385793931797049,0.0,20,0.05964794792456467,1.0,False,True,SIO2=69.56; K2O=7.26; NA2O=2.22; PBO=20.55; RO=20.62; R2O=9.68; RmOn=100.00,SIO2=69.56; K2O=7.30; NA2O=2.34; PBO=20.42; RO=20.49; R2O=9.81; RmOn=100.00,SIO2=70.87; K2O=7.90; NA2O=1.53; PBO=19.37; RO=19.37; R2O=9.64; RmOn=100.00,adaptive_B
F2HT,adaptive,B,0.006811194648083648,0.017617122933676545,3.385793931797049,0.0,20,0.05964794792456467,1.0,False,True,SIO2=69.56; K2O=7.26; NA2O=2.22; PBO=20.55; RO=20.62; R2O=9.68; RmOn=100.00,SIO2=69.56; K2O=7.30; NA2O=2.34; PBO=20.42; RO=20.49; R2O=9.81; RmOn=100.00,SIO2=70.87; K2O=7.90; NA2O=1.53; PBO=19.37; RO=19.37; R2O=9.64; RmOn=100.00,adaptive_B
F2HTi,adaptive,B,0.006811194648083648,0.017617122933676545,3.385793931797049,0.0,20,0.05964794792456467,1.0,False,True,SIO2=69.56; K2O=7.26; NA2O=2.22; PBO=20.55; RO=20.62; R2O=9.68; RmOn=100.00,SIO2=69.56; K2O=7.30; NA2O=2.34; PBO=20.42; RO=20.49; R2O=9.81; RmOn=100.00,SIO2=70.87; K2O=7.90; NA2O=1.53; PBO=19.37; RO=19.37; R2O=9.64; RmOn=100.00,adaptive_B
N-PSK53A,adaptive,B,0.030427180893836732,0.04924270955253388,70.73148038811263,0.7909873504355756,20,3.4830097449725765,1.0,False,True,SIO2=12.63; AL2O3=0.50; B2O3=36.86; MgO=3.20; BAO=30.24; P2O5=11.44; GEO2=3.84; RO=33.44; R2O3=38.64; RO2=3.84; R2O5=11.44; RmOn=100.00,SIO2=12.60; AL2O3=0.50; B2O3=36.76; MgO=3.29; BAO=30.26; P2O5=11.53; GEO2=3.78; RO=33.55; R2O3=38.55; RO2=3.78; R2O5=11.53; RmOn=100.00,AL2O3=1.66; B2O3=14.34; MgO=10.84; BAO=34.00; P2O5=34.92; RO=44.85; R2O3=20.24; R2O5=34.92; RmOn=100.00,adaptive_B
N-SSK8,adaptive,B,0.030337745659687686,0.08087369585862252,97.99932510048214,0.9989315046035592,20,7.925567612526664,1.0,False,True,SIO2=39.45; AL2O3=0.74; B2O3=10.15; CAO=0.60; K2O=1.61; NA2O=8.03; Li2O=1.56; SRO=3.33; BAO=5.24; ZNO=4.97; P2O5=10.07; GEO2=3.44; ZRO2=2.93; TIO2=1.21; RO=14.42; R2O=11.27; R2O3=16.52; RO2=7.58; R2O5=10.15; RmOn=99.38,SIO2=39.00; AL2O3=0.71; B2O3=9.74; CAO=0.62; K2O=1.60; NA2O=8.60; Li2O=1.47; SRO=3.12; BAO=5.23; ZNO=4.74; P2O5=9.40; GEO2=4.83; ZRO2=3.41; TIO2=1.23; RO=13.97; R2O=11.76; R2O3=15.74; RO2=9.47; R2O5=9.47; RmOn=99.41,SIO2=49.15; AL2O3=0.89; B2O3=6.18; CAO=0.79; K2O=2.01; NA2O=10.84; Li2O=1.85; BAO=6.59; ZNO=5.97; GEO2=6.08; ZRO2=4.30; TIO2=1.55; RO=13.89; R2O=14.81; R2O3=9.37; RO2=11.93; RmOn=99.26,adaptive_B
N-KZFS4,adaptive,B,0.027123963515236545,0.058308403250571295,104.95776511880013,0.9142855814670989,20,6.119919692825744,1.0,False,True,SIO2=21.85; AL2O3=4.92; B2O3=31.60; CAO=5.08; K2O=2.57; NA2O=3.29; PBO=4.39; Li2O=6.41; ZNO=2.84; P2O5=4.37; GEO2=4.66; ZRO2=1.68; TIO2=3.13; RO=13.22; R2O=12.27; R2O3=37.49; RO2=9.46; R2O5=5.11; RmOn=99.71,SIO2=22.08; AL2O3=4.90; B2O3=31.67; CAO=5.10; K2O=2.56; NA2O=3.40; PBO=4.32; Li2O=6.27; ZNO=2.83; P2O5=4.32; GEO2=4.48; ZRO2=1.75; TIO2=3.09; RO=13.18; R2O=12.23; R2O3=37.50; RO2=9.33; R2O5=5.11; RmOn=99.73,SIO2=1.51; AL2O3=10.06; B2O3=65.00; CAO=6.22; PBO=10.30; Li2O=2.69; MgO=0.69; TIO2=1.39; RO=17.21; R2O=2.69; R2O3=76.14; RO2=1.75; RF=0.70; RHaln=0.70; RmOn=99.30,adaptive_B
N-SK4,adaptive,B,0.01429836110073262,0.03561061946826924,50.19780770802549,0.7305880613711224,20,1.7875750284318483,1.0,False,True,SIO2=44.50; AL2O3=4.41; B2O3=12.94; MgO=0.61; BAO=23.87; P2O5=8.95; RO=24.94; R2O3=21.50; R2O5=9.01; RmOn=100.00,SIO2=44.36; AL2O3=4.69; B2O3=13.24; MgO=0.58; BAO=24.18; P2O5=8.47; RO=25.19; R2O3=21.89; R2O5=8.53; RmOn=100.00,SIO2=51.75; AL2O3=5.48; B2O3=13.76; BAO=28.21; RO=28.70; R2O3=19.50; RmOn=100.00,adaptive_B
P-SK60,adaptive,B,0.04374380572083036,0.0613827970543598,22.77799453996252,0.1985152433458726,20,1.398177016151835,1.0,False,True,SIO2=34.23; AL2O3=1.78; B2O3=26.56; CAO=8.56; K2O=0.57; NA2O=0.72; Li2O=13.07; MgO=0.82; BAO=5.16; ZNO=1.78; GEO2=2.26; ZRO2=1.01; RO=16.57; R2O=14.37; R2O3=31.06; RO2=3.39; RmOn=99.64,SIO2=34.20; AL2O3=1.79; B2O3=26.52; CAO=8.63; K2O=0.57; NA2O=0.71; Li2O=13.06; MgO=0.86; BAO=5.16; ZNO=1.76; GEO2=2.29; ZRO2=1.01; RO=16.65; R2O=14.34; R2O3=31.02; RO2=3.42; RmOn=99.64,SIO2=37.90; AL2O3=2.01; B2O3=23.42; CAO=9.70; K2O=0.64; Li2O=12.98; MgO=0.96; BAO=5.80; ZNO=1.98; ZRO2=1.13; RO=18.73; R2O=13.88; R2O3=27.80; RO2=1.27; RmOn=99.60,adaptive_B
N-BAF52,adaptive,B,0.003946795981243687,0.05740054316948053,59.555511474326245,0.8864644756797975,20,3.4185187073625567,1.0,False,True,SIO2=41.51; AL2O3=2.95; B2O3=22.27; CAO=1.07; K2O=3.13; NA2O=5.86; PBO=2.17; Li2O=3.34; MgO=0.58; SRO=1.36; BAO=4.46; ZNO=0.83; GEO2=1.06; ZRO2=3.86; TIO2=3.29; RO=10.56; R2O=12.37; R2O3=25.86; RO2=8.22; RO3=0.59; R2O5=0.62; RmOn=99.72,SIO2=47.09; AL2O3=2.66; B2O3=18.55; CAO=0.73; K2O=3.11; NA2O=5.51; PBO=1.39; Li2O=2.14; SRO=0.91; BAO=7.47; ZNO=0.53; GEO2=0.67; ZRO2=2.47; TIO2=4.91; RO=11.45; R2O=10.79; R2O3=21.65; RO2=8.06; RmOn=99.81,SIO2=55.61; AL2O3=1.49; B2O3=10.07; CAO=0.74; K2O=3.22; NA2O=7.59; BAO=10.50; ZNO=0.65; GEO2=1.04; ZRO2=2.35; TIO2=6.12; RO=11.95; R2O=11.16; R2O3=11.63; RO2=9.52; RmOn=100.00,adaptive_B
N-SK2,adaptive,B,0.005717351395152869,0.03770357851699764,18.862872430727805,0.42270908780599087,20,0.711197791748056,1.0,False,True,SIO2=53.49; AL2O3=3.21; B2O3=10.80; MgO=0.66; BAO=23.87; ZNO=6.43; RO=31.28; R2O3=14.68; RmOn=100.00,SIO2=54.78; AL2O3=2.78; B2O3=9.44; BAO=23.76; ZNO=7.95; RO=32.24; R2O3=12.68; RmOn=100.00,SIO2=55.55; AL2O3=2.80; B2O3=8.67; BAO=24.44; ZNO=8.18; RO=32.72; R2O3=11.70; RmOn=100.00,adaptive_B
N-SK2HT,adaptive,B,0.005717351395152869,0.03770357851699764,18.862872430727805,0.42270908780599087,20,0.711197791748056,1.0,False,True,SIO2=53.49; AL2O3=3.21; B2O3=10.80; MgO=0.66; BAO=23.87; ZNO=6.43; RO=31.28; R2O3=14.68; RmOn=100.00,SIO2=54.78; AL2O3=2.78; B2O3=9.44; BAO=23.76; ZNO=7.95; RO=32.24; R2O3=12.68; RmOn=100.00,SIO2=55.55; AL2O3=2.80; B2O3=8.67; BAO=24.44; ZNO=8.18; RO=32.72; R2O3=11.70; RmOn=100.00,adaptive_B
N-BAF4,adaptive,B,0.00714159330678718,0.05708203718987178,76.69174058048091,1.0104127537805414,20,4.37772078797101,1.0,False,True,SIO2=26.42; AL2O3=2.41; B2O3=10.70; CAO=6.98; K2O=4.89; NA2O=4.47; PBO=1.03; Li2O=11.67; SRO=0.50; BAO=2.15; ZNO=5.63; P2O5=14.81; ZRO2=1.19; TIO2=5.44; RO=16.33; R2O=21.03; R2O3=13.44; RO2=6.63; R2O5=15.92; RmOn=99.82,SIO2=22.54; AL2O3=2.14; B2O3=7.90; CAO=7.90; K2O=4.69; NA2O=5.74; PBO=0.69; Li2O=13.50; BAO=2.09; ZNO=6.78; P2O5=17.59; ZRO2=0.80; TIO2=5.95; RO=17.80; R2O=23.94; R2O3=10.27; RO2=6.75; R2O5=18.54; RmOn=99.87,AL2O3=1.61; CAO=12.34; K2O=5.19; NA2O=7.24; Li2O=23.40; ZNO=10.83; P2O5=31.77; TIO2=5.57; RO=23.70; R2O=35.83; R2O3=1.68; RO2=5.57; R2O5=33.18; RmOn=100.00,adaptive_B
F5,adaptive,B,0.007026195246380063,0.034759557335192655,14.68928219024056,0.39439769144744274,20,0.510592946504491,1.0,False,True,SIO2=69.08; AL2O3=0.57; B2O3=0.74; K2O=4.89; NA2O=4.46; PBO=16.32; ZNO=1.01; P2O5=2.02; RO=17.33; R2O=9.85; R2O3=1.72; R2O5=2.02; RmOn=100.00,SIO2=70.18; AL2O3=0.51; B2O3=0.59; K2O=4.92; NA2O=4.06; PBO=16.58; ZNO=0.80; P2O5=1.61; RO=17.38; R2O=9.39; R2O3=1.45; R2O5=1.61; RmOn=100.00,SIO2=73.46; K2O=5.02; NA2O=3.54; PBO=17.30; RO=17.30; R2O=8.55; R2O3=0.69; RmOn=100.00,adaptive_B
N-SK14,adaptive,B,0.005733947809383888,0.03684760508880967,67.24843078188091,0.5623351446188083,20,2.4779436202929004,1.0,False,True,SIO2=42.34; AL2O3=3.02; B2O3=15.62; NA2O=0.95; BAO=23.18; P2O5=11.19; RO=23.46; R2O=0.95; R2O3=21.90; R2O5=11.19; RmOn=100.00,SIO2=44.99; AL2O3=3.12; B2O3=16.21; NA2O=0.79; BAO=23.87; P2O5=8.27; RO=24.07; R2O=0.79; R2O3=21.76; R2O5=8.27; RmOn=100.00,SIO2=53.31; AL2O3=3.49; B2O3=17.10; NA2O=0.73; BAO=24.76; RO=25.00; R2O=0.73; R2O3=20.83; RmOn=100.00,adaptive_B
LF5G19,adaptive,B,0.02738328139216823,0.054163220965637804,41.15935878531159,1.165524439934698,20,2.229323444692797,1.0,False,True,SIO2=64.31; B2O3=2.23; K2O=6.62; NA2O=6.15; PBO=10.85; Li2O=0.74; BAO=0.62; GEO2=4.54; RO=12.47; R2O=13.51; R2O3=3.44; RO2=4.66; RF=0.72; RF2=0.69; RHaln=1.40; RmOn=98.60,SIO2=64.42; B2O3=2.18; K2O=6.70; NA2O=6.07; PBO=10.90; Li2O=0.73; BAO=0.62; GEO2=4.40; RO=12.52; R2O=13.50; R2O3=3.38; RO2=4.51; RF=0.74; RF2=0.71; RHaln=1.45; RmOn=98.55,SIO2=69.15; B2O3=1.28; K2O=6.72; NA2O=6.65; PBO=11.94; Li2O=0.80; BAO=0.68; RO=13.72; R2O=14.17; R2O3=2.23; RO2=0.51; RmOn=100.00,adaptive_B
N-SK5,adaptive,B,0.0004311831133432213,0.024212258989895822,0.5008941071286522,0.0,20,0.01212777784831155,1.0,False,True,SIO2=54.81; AL2O3=4.04; B2O3=17.83; Li2O=0.70; BAO=22.15; RO=22.35; R2O=0.70; R2O3=22.13; RmOn=100.00,SIO2=54.80; AL2O3=4.12; B2O3=18.12; BAO=22.23; RO=22.29; R2O3=22.66; RmOn=100.00,SIO2=54.86; AL2O3=4.08; B2O3=18.21; BAO=22.35; RO=22.35; R2O3=22.74; RmOn=100.00,adaptive_B
N-SK5HTi,adaptive,B,0.0004311831133432213,0.024212258989895822,0.5008941071286522,0.0,20,0.01212777784831155,1.0,False,True,SIO2=54.81; AL2O3=4.04; B2O3=17.83; Li2O=0.70; BAO=22.15; RO=22.35; R2O=0.70; R2O3=22.13; RmOn=100.00,SIO2=54.80; AL2O3=4.12; B2O3=18.12; BAO=22.23; RO=22.29; R2O3=22.66; RmOn=100.00,SIO2=54.86; AL2O3=4.08; B2O3=18.21; BAO=22.35; RO=22.35; R2O3=22.74; RmOn=100.00,adaptive_B
P-SK57,adaptive,B,0.012505429157548474,0.02972450930977195,3.6858653108604718,0.0,20,0.10956053774723758,1.0,False,True,SIO2=48.92; AL2O3=2.54; B2O3=14.91; CAO=1.63; NA2O=1.82; Li2O=16.76; SRO=1.47; BAO=7.49; ZNO=3.46; RO=14.06; R2O=18.80; R2O3=18.05; RmOn=100.00,SIO2=48.96; AL2O3=2.53; B2O3=14.89; CAO=1.61; NA2O=1.86; Li2O=16.72; SRO=1.47; BAO=7.59; ZNO=3.40; RO=14.07; R2O=18.79; R2O3=18.01; RmOn=100.00,SIO2=50.76; AL2O3=2.45; B2O3=13.85; CAO=0.88; NA2O=2.15; Li2O=15.99; SRO=1.10; BAO=9.08; ZNO=2.75; RO=13.80; R2O=18.46; R2O3=16.85; RmOn=100.00,adaptive_B
LF5,adaptive,B,0.01605872473475811,0.03303378618011098,30.65311258388025,0.1985152433458726,20,1.0125883668507694,1.0,False,True,SIO2=72.03; B2O3=0.99; K2O=7.02; NA2O=3.17; PBO=12.56; GEO2=3.49; RO=12.61; R2O=10.51; R2O3=1.35; RO2=3.49; RmOn=100.00,SIO2=72.15; B2O3=0.96; K2O=7.04; NA2O=3.15; PBO=12.59; GEO2=3.37; RO=12.64; R2O=10.52; R2O3=1.32; RO2=3.37; RmOn=100.00,SIO2=76.27; K2O=7.96; NA2O=1.20; PBO=13.82; RO=13.87; R2O=9.54; RmOn=100.00,adaptive_B
LF5HTi,adaptive,B,0.015157207202068925,0.03283520888936068,30.65311258388025,0.1985152433458726,20,1.0065013548007986,1.0,False,True,SIO2=72.10; B2O3=0.98; K2O=7.02; NA2O=3.13; PBO=12.57; GEO2=3.47; RO=12.62; R2O=10.47; R2O3=1.35; RO2=3.47; RmOn=100.00,SIO2=72.22; B2O3=0.96; K2O=7.04; NA2O=3.10; PBO=12.61; GEO2=3.33; RO=12.66; R2O=10.47; R2O3=1.32; RO2=3.33; RmOn=100.00,SIO2=76.29; K2O=7.94; NA2O=1.21; PBO=13.82; RO=13.87; R2O=9.52; RmOn=100.00,adaptive_B
N-BALF4,adaptive,B,0.010465475925958222,0.04692289968609627,67.83757438027095,1.070047314690476,20,3.183135697593548,1.0,False,True,SIO2=53.10; B2O3=6.04; CAO=1.05; K2O=2.61; NA2O=10.89; Li2O=0.53; SRO=3.79; BAO=6.54; ZNO=3.76; P2O5=4.11; GEO2=2.61; RO=15.38; R2O=14.03; R2O3=9.12; RO2=3.06; R2O5=4.33; RF3=0.77; RHaln=0.96; RmOn=99.03,SIO2=54.79; B2O3=5.70; CAO=0.92; K2O=2.61; NA2O=10.41; SRO=3.29; BAO=6.55; ZNO=4.61; P2O5=3.49; GEO2=2.34; TIO2=0.51; RO=15.57; R2O=13.50; R2O3=8.70; RO2=2.94; R2O5=3.68; RF3=0.65; RHaln=0.82; RmOn=99.18,SIO2=63.71; B2O3=1.13; CAO=0.89; K2O=3.10; NA2O=11.92; SRO=2.57; BAO=7.77; ZNO=5.47; TIO2=0.60; RO=16.94; R2O=15.02; R2O3=3.39; RO2=0.71; RmOn=99.99,adaptive_B
N-BAK1,adaptive,B,0.0066836375728045894,0.018295880751047787,0.8561528509915756,0.1985152433458726,20,0.015664070466411453,1.0,False,True,SIO2=63.48; B2O3=4.50; K2O=5.96; NA2O=1.46; BAO=15.21; ZNO=8.99; RO=24.20; R2O=7.41; R2O3=4.91; RmOn=100.00,SIO2=63.56; B2O3=4.50; K2O=5.93; NA2O=1.41; BAO=15.22; ZNO=8.97; RO=24.20; R2O=7.34; R2O3=4.90; RmOn=100.00,SIO2=63.38; B2O3=4.69; K2O=6.09; NA2O=1.11; BAO=14.90; ZNO=9.44; RO=24.34; R2O=7.20; R2O3=5.08; RmOn=100.00,adaptive_B
N-BAK4,adaptive,B,0.009894638702351098,0.0377221844475667,59.04024797726847,0.8864644756797975,20,2.227127124028598,1.0,False,True,SIO2=54.03; B2O3=5.20; CAO=0.65; K2O=6.32; NA2O=5.95; SRO=7.67; BAO=6.81; ZNO=4.03; P2O5=7.20; RO=19.24; R2O=12.27; R2O3=6.78; R2O5=7.52; RmOn=99.98,SIO2=54.54; B2O3=5.30; CAO=0.56; K2O=6.38; NA2O=5.65; SRO=8.06; BAO=6.65; ZNO=4.26; P2O5=6.58; RO=19.60; R2O=12.03; R2O3=6.68; R2O5=6.89; RmOn=99.96,SIO2=62.79; B2O3=3.16; CAO=0.65; K2O=7.34; NA2O=6.50; SRO=6.52; BAO=6.83; ZNO=4.91; RO=18.98; R2O=13.84; R2O3=3.72; RmOn=99.96,adaptive_B
N-BAK4HT,adaptive,B,0.009894638702351098,0.0377221844475667,59.04024797726847,0.8864644756797975,20,2.227127124028598,1.0,False,True,SIO2=54.03; B2O3=5.20; CAO=0.65; K2O=6.32; NA2O=5.95; SRO=7.67; BAO=6.81; ZNO=4.03; P2O5=7.20; RO=19.24; R2O=12.27; R2O3=6.78; R2O5=7.52; RmOn=99.98,SIO2=54.54; B2O3=5.30; CAO=0.56; K2O=6.38; NA2O=5.65; SRO=8.06; BAO=6.65; ZNO=4.26; P2O5=6.58; RO=19.60; R2O=12.03; R2O3=6.68; R2O5=6.89; RmOn=99.96,SIO2=62.79; B2O3=3.16; CAO=0.65; K2O=7.34; NA2O=6.50; SRO=6.52; BAO=6.83; ZNO=4.91; RO=18.98; R2O=13.84; R2O3=3.72; RmOn=99.96,adaptive_B
N-SK11,adaptive,B,0.030632368952032564,0.05094753137564591,119.64287549817486,1.0486537893593546,20,6.095509153315761,1.0,False,True,SIO2=33.81; AL2O3=2.09; B2O3=4.81; CAO=0.70; NA2O=4.70; Li2O=1.80; SRO=1.73; BAO=3.57; ZNO=1.49; P2O5=35.02; RO=7.50; R2O=6.90; R2O3=16.58; R2O5=35.02; RmOn=100.00,SIO2=34.12; AL2O3=2.08; B2O3=4.81; CAO=0.69; NA2O=4.82; Li2O=1.75; SRO=1.69; BAO=3.65; ZNO=1.47; P2O5=34.62; RO=7.50; R2O=7.00; R2O3=16.58; R2O5=34.62; RmOn=100.00,SIO2=61.76; AL2O3=2.84; B2O3=15.15; K2O=1.69; NA2O=0.51; BAO=17.22; ZNO=0.66; RO=17.88; R2O=2.21; R2O3=18.15; RmOn=100.00,adaptive_B
N-KZFS2,adaptive,B,0.012091356270579967,0.05026465974809187,78.42528451708745,0.6128694524619495,20,3.942020241898698,1.0,False,True,SIO2=31.00; AL2O3=3.60; B2O3=34.39; CAO=5.32; K2O=1.12; NA2O=6.27; Li2O=10.62; ZNO=2.47; GEO2=0.89; TIO2=1.43; RO=8.88; R2O=18.01; R2O3=38.17; RO2=2.82; R2O5=0.55; RF=0.56; RHaln=0.56; RmOn=99.44,SIO2=30.86; AL2O3=3.82; B2O3=35.00; CAO=5.17; K2O=1.22; NA2O=5.69; Li2O=10.09; ZNO=3.01; GEO2=0.80; ZRO2=0.57; TIO2=1.27; RO=9.26; R2O=17.00; R2O3=38.98; RO2=2.70; R2O5=0.69; RF=0.51; RHaln=0.51; RmOn=99.49,SIO2=12.49; AL2O3=7.03; B2O3=57.70; CAO=4.44; NA2O=1.12; PBO=0.74; Li2O=8.81; ZNO=2.43; GEO2=1.54; ZRO2=0.99; RO=7.61; R2O=10.38; R2O3=64.95; RO2=2.66; R2O5=1.24; RF=0.67; RHaln=0.67; RmOn=99.33,adaptive_B
N-PSK3,adaptive,B,0.02302068593989478,0.059319414101472255,166.49749632819695,0.9489154358953991,20,9.876533931550671,1.0,False,True,SIO2=13.05; AL2O3=0.73; B2O3=30.48; K2O=2.81; NA2O=2.05; MgO=0.83; SRO=2.48; BAO=9.85; P2O5=33.88; RO=13.72; R2O=4.86; R2O3=34.48; R2O5=33.88; RmOn=100.00,SIO2=12.48; AL2O3=0.69; B2O3=31.63; K2O=3.21; NA2O=1.94; MgO=0.78; SRO=2.38; BAO=10.29; P2O5=32.90; RO=14.00; R2O=5.16; R2O3=35.46; R2O5=32.90; RmOn=100.00,SIO2=3.87; B2O3=71.30; K2O=4.55; NA2O=1.09; BAO=19.10; RO=19.10; R2O=5.64; R2O3=71.39; RmOn=100.00,adaptive_B
LLF1HTi,adaptive,B,0.0004975406332863385,0.03822704938933003,61.05384270162734,0.639031859650177,20,2.3339082603634953,1.0,False,True,SIO2=67.07; B2O3=2.28; K2O=4.60; NA2O=7.57; PBO=6.77; SRO=1.04; P2O5=5.38; RO=7.85; R2O=12.65; R2O3=2.94; R2O5=5.46; RF=3.70; RHaln=3.70; RmOn=96.30,SIO2=75.58; B2O3=0.53; K2O=6.03; NA2O=6.33; PBO=8.91; P2O5=1.16; RO=9.16; R2O=12.46; R2O3=0.71; R2O5=1.18; RF=0.85; RHaln=0.85; RmOn=99.15,SIO2=77.71; K2O=6.29; NA2O=6.50; PBO=9.29; RO=9.31; R2O=12.90; RmOn=100.00,adaptive_B
LLF1,adaptive,B,0.003458140357073703,0.03650197563249978,79.44254403683829,0.7305880613711224,20,2.899809806616462,1.0,False,True,SIO2=65.74; B2O3=2.04; K2O=4.46; NA2O=7.57; PBO=6.70; SRO=0.96; P2O5=5.72; RO=7.71; R2O=12.53; R2O3=2.90; R2O5=5.79; RF=4.90; RHaln=4.90; RmOn=95.10,SIO2=69.77; B2O3=1.29; K2O=3.84; NA2O=8.94; PBO=7.54; SRO=0.61; P2O5=3.56; RO=8.28; R2O=13.10; R2O3=1.88; R2O5=3.60; RF=3.09; RHaln=3.09; RmOn=96.91,SIO2=76.47; K2O=4.37; NA2O=9.89; PBO=8.58; RO=8.73; R2O=14.59; RmOn=100.00,adaptive_B
N-BALF5,adaptive,B,0.014946144691744071,0.04214257929016131,61.84823851884896,0.8237197315118312,20,2.606444295737401,1.0,False,True,SIO2=51.04; AL2O3=3.11; B2O3=12.43; CAO=9.72; K2O=1.44; NA2O=14.19; Li2O=0.72; BAO=0.83; ZNO=1.05; P2O5=2.16; ZRO2=0.68; RO=12.20; R2O=16.35; R2O3=15.64; RO2=1.13; R2O5=2.32; RF=1.10; RHaln=1.26; RmOn=98.74,SIO2=49.45; AL2O3=3.60; B2O3=13.90; CAO=9.71; K2O=1.35; NA2O=14.03; PBO=0.62; Li2O=0.65; BAO=0.77; ZNO=0.95; P2O5=1.95; ZRO2=0.64; RO=12.21; R2O=16.04; R2O3=17.59; RO2=1.08; R2O5=2.10; RF=1.33; RHaln=1.48; RmOn=98.52,SIO2=3.76; AL2O3=18.12; B2O3=58.98; CAO=6.02; PBO=3.76; BAO=3.71; RO=13.49; R2O3=77.10; RF=5.64; RHaln=5.64; RmOn=94.36,adaptive_B
N-BAK2,adaptive,B,0.0037362377783743414,0.042383890346624556,54.057371800985685,0.639031859650177,20,2.2911617188396916,1.0,False,True,SIO2=60.83; AL2O3=1.89; B2O3=4.73; CAO=0.97; K2O=5.15; NA2O=8.63; MgO=0.78; SRO=2.48; BAO=6.68; ZNO=2.30; P2O5=4.17; RO=13.30; R2O=13.92; R2O3=7.49; R2O5=4.17; RmOn=100.00,SIO2=64.08; AL2O3=1.33; B2O3=4.41; CAO=0.67; K2O=5.83; NA2O=7.29; MgO=0.54; SRO=1.79; BAO=7.33; ZNO=2.85; P2O5=2.85; RO=13.25; R2O=13.22; R2O3=6.40; R2O5=2.85; RmOn=100.00,SIO2=69.30; AL2O3=0.51; B2O3=3.13; CAO=0.72; K2O=6.02; NA2O=7.69; SRO=1.94; BAO=6.87; ZNO=3.09; RO=12.71; R2O=13.71; R2O3=4.28; RmOn=100.00,adaptive_B
N-PK51,adaptive,B,0.04617423120601536,0.10948613168565739,77.83630107494426,0.1985152433458726,20,8.521995509415824,1.0,True,True,AL2O3=1.15; CAO=0.83; MgO=0.54; BAO=4.05; ZNO=1.49; P2O5=9.87; RO=6.91; R2O3=1.27; R2O5=9.87; RF2=15.91; RF3=4.15; RHaln=20.06; RmOn=18.21,AL2O3=1.24; CAO=0.95; MgO=0.62; BAO=4.22; ZNO=1.39; P2O5=10.43; RO=7.18; R2O3=1.35; R2O5=10.43; RF2=17.00; RF3=4.58; RHaln=21.58; RmOn=19.15,BAO=6.18; P2O5=23.08; RO=6.18; R2O5=23.08; RF2=55.72; RF3=15.02; RHaln=70.74; RmOn=29.26,adaptive_B
N-KF9,adaptive,B,0.027477007738052034,0.044223007560588765,49.066796342837335,0.8556886672556694,20,2.1698813056431647,1.0,False,True,SIO2=56.69; AL2O3=2.68; B2O3=3.54; CAO=1.44; K2O=2.05; NA2O=22.87; Li2O=4.11; P2O5=3.45; TIO2=1.26; RO=1.59; R2O=29.03; R2O3=6.67; RO2=1.26; R2O5=3.64; RmOn=98.89,SIO2=56.72; AL2O3=2.71; B2O3=3.52; CAO=1.42; K2O=2.08; NA2O=22.76; Li2O=4.09; P2O5=3.42; TIO2=1.29; RO=1.58; R2O=28.93; R2O3=6.68; RO2=1.29; R2O5=3.62; RmOn=98.81,SIO2=71.40; AL2O3=0.69; B2O3=3.18; CAO=2.21; K2O=5.11; NA2O=9.15; Li2O=2.56; TIO2=2.40; RO=2.61; R2O=16.82; R2O3=4.86; RO2=2.40; RmOn=98.12,adaptive_B
K5G20,adaptive,B,0.016474694097500183,0.027590073092248552,28.327050121972327,0.6128694524619495,20,0.7815453833530047,1.0,False,True,SIO2=64.38; B2O3=3.28; CAO=3.38; K2O=7.01; NA2O=13.12; Li2O=2.10; MgO=2.69; BAO=0.54; ZNO=0.78; GEO2=0.54; RO=8.07; R2O=22.69; R2O3=3.70; RO2=0.96; RmOn=99.80,SIO2=64.49; B2O3=3.20; CAO=3.27; K2O=6.89; NA2O=13.11; Li2O=2.28; MgO=2.62; BAO=0.53; ZNO=0.84; GEO2=0.52; RO=7.94; R2O=22.79; R2O3=3.63; RO2=0.93; RmOn=99.78,SIO2=66.63; CAO=3.05; K2O=0.71; NA2O=17.99; Li2O=3.03; MgO=4.09; ZNO=1.31; GEO2=0.82; RO=9.07; R2O=22.53; R2O3=0.59; RO2=0.85; RmOn=99.66,adaptive_B
N-K5,adaptive,B,0.011964767428141102,0.026024788583281555,98.40663444231116,0.6730116670092565,20,2.561011856553421,1.0,False,True,SIO2=42.48; AL2O3=2.89; B2O3=0.84; CAO=8.92; K2O=2.89; NA2O=7.01; Li2O=1.50; MgO=6.91; ZNO=1.13; P2O5=23.25; RO=17.76; R2O=11.40; R2O3=3.84; R2O5=23.25; RHaln=0.93; RmOn=99.05,SIO2=42.12; AL2O3=2.75; B2O3=0.81; CAO=9.40; K2O=2.77; NA2O=7.15; Li2O=1.43; MgO=7.06; ZNO=1.08; P2O5=23.33; RO=18.31; R2O=11.35; R2O3=3.65; R2O5=23.33; RHaln=0.88; RmOn=99.10,CAO=25.20; MgO=22.95; P2O5=48.15; RO=48.15; R2O5=48.15; RF2=1.85; RF3=1.85; RHaln=3.69; RmOn=96.31,adaptive_B
BK7G18,adaptive,B,0.008592712925065662,0.02510244959879899,9.778698021318446,0.6128694524619495,20,0.2454692742220217,1.0,False,True,SIO2=67.73; AL2O3=1.40; B2O3=10.17; CAO=0.83; K2O=6.34; NA2O=10.44; MgO=1.26; SRO=0.51; RO=3.19; R2O=17.06; R2O3=11.68; RmOn=100.00,SIO2=67.64; AL2O3=1.71; B2O3=9.69; CAO=0.78; K2O=6.00; NA2O=10.68; MgO=1.57; RO=3.41; R2O=17.04; R2O3=11.49; RmOn=100.00,SIO2=68.33; AL2O3=2.27; B2O3=9.91; K2O=0.75; NA2O=14.18; MgO=2.09; SRO=0.64; RO=3.56; R2O=15.42; R2O3=12.20; RmOn=100.00,adaptive_B
N-BK7,adaptive,B,0.006367723174696942,0.013503209421255474,75.720882553934,0.8237197315118312,20,1.0224749346880608,1.0,False,True,SIO2=58.43; AL2O3=0.90; B2O3=6.76; CAO=3.14; K2O=3.59; NA2O=8.86; MgO=1.10; BAO=0.51; RO=5.36; R2O=12.47; R2O3=7.69; RmOn=84.17,SIO2=60.12; AL2O3=0.90; B2O3=6.87; CAO=3.30; K2O=3.41; NA2O=9.16; MgO=1.09; BAO=0.57; RO=5.50; R2O=12.58; R2O3=7.79; RmOn=86.22,SIO2=71.69; AL2O3=1.15; B2O3=6.38; CAO=4.24; K2O=1.63; NA2O=11.76; MgO=1.40; BAO=0.73; RO=7.06; R2O=13.41; R2O3=7.56; RmOn=100.00,adaptive_B
N-BK7HT,adaptive,B,0.006367723174696942,0.013503209421255474,75.720882553934,0.8237197315118312,20,1.0224749346880608,1.0,False,True,SIO2=58.43; AL2O3=0.90; B2O3=6.76; CAO=3.14; K2O=3.59; NA2O=8.86; MgO=1.10; BAO=0.51; RO=5.36; R2O=12.47; R2O3=7.69; RmOn=84.17,SIO2=60.12; AL2O3=0.90; B2O3=6.87; CAO=3.30; K2O=3.41; NA2O=9.16; MgO=1.09; BAO=0.57; RO=5.50; R2O=12.58; R2O3=7.79; RmOn=86.22,SIO2=71.69; AL2O3=1.15; B2O3=6.38; CAO=4.24; K2O=1.63; NA2O=11.76; MgO=1.40; BAO=0.73; RO=7.06; R2O=13.41; R2O3=7.56; RmOn=100.00,adaptive_B
N-BK7HTi,adaptive,B,0.006367723174696942,0.013503209421255474,75.720882553934,0.8237197315118312,20,1.0224749346880608,1.0,False,True,SIO2=58.43; AL2O3=0.90; B2O3=6.76; CAO=3.14; K2O=3.59; NA2O=8.86; MgO=1.10; BAO=0.51; RO=5.36; R2O=12.47; R2O3=7.69; RmOn=84.17,SIO2=60.12; AL2O3=0.90; B2O3=6.87; CAO=3.30; K2O=3.41; NA2O=9.16; MgO=1.09; BAO=0.57; RO=5.50; R2O=12.58; R2O3=7.79; RmOn=86.22,SIO2=71.69; AL2O3=1.15; B2O3=6.38; CAO=4.24; K2O=1.63; NA2O=11.76; MgO=1.40; BAO=0.73; RO=7.06; R2O=13.41; R2O3=7.56; RmOn=100.00,adaptive_B
N-BK7HTSultra,adaptive,B,0.005432805431216078,0.019948714939503367,8.237019350898825,0.6128694524619495,20,0.1643179509822537,1.0,False,True,SIO2=68.13; AL2O3=0.80; B2O3=11.15; CAO=1.84; K2O=5.95; NA2O=10.02; MgO=0.97; BAO=0.51; RO=3.78; R2O=15.97; R2O3=11.98; RmOn=100.00,SIO2=67.15; AL2O3=0.75; B2O3=11.83; CAO=1.68; K2O=7.29; NA2O=9.30; MgO=0.93; BAO=0.51; RO=3.51; R2O=16.59; R2O3=12.60; RmOn=100.00,SIO2=51.57; B2O3=22.64; K2O=25.79; R2O=25.79; R2O3=22.64; RmOn=100.00,adaptive_B
N-ZK7A,adaptive,B,0.011435640445933119,0.024775895140894948,49.449056501350846,0.6128694524619495,20,1.2251446386936582,1.0,False,True,SIO2=63.40; AL2O3=1.97; B2O3=2.69; CAO=1.57; K2O=7.03; NA2O=7.99; Li2O=0.72; MgO=5.02; ZNO=1.00; P2O5=7.20; RO=8.86; R2O=15.74; R2O3=4.79; R2O5=7.20; RmOn=100.00,SIO2=63.72; AL2O3=2.00; B2O3=2.77; CAO=1.50; K2O=6.77; NA2O=8.41; Li2O=0.73; MgO=4.90; ZNO=0.96; P2O5=6.90; RO=8.57; R2O=15.91; R2O3=4.90; R2O5=6.90; RmOn=100.00,SIO2=69.75; AL2O3=3.00; B2O3=3.96; CAO=1.07; NA2O=17.89; Li2O=0.81; MgO=1.62; RO=4.58; R2O=18.70; R2O3=6.96; RmOn=100.00,adaptive_B
K10,adaptive,B,0.019084300079550604,0.03158109316833999,5.984778935689549,0.3250829733914482,20,0.18900586115993032,1.0,False,True,SIO2=68.87; AL2O3=2.01; K2O=1.32; NA2O=26.09; ZNO=0.50; RO=1.36; R2O=27.46; R2O3=2.21; RmOn=99.90,SIO2=68.90; AL2O3=1.99; K2O=1.31; NA2O=26.08; ZNO=0.53; RO=1.38; R2O=27.43; R2O3=2.19; RmOn=99.90,SIO2=74.53; K2O=1.71; NA2O=20.78; ZNO=1.61; RO=2.62; R2O=22.64; RmOn=100.00,adaptive_B
N-BK10,adaptive,B,0.02370586456973174,0.03874962894287205,74.50788566513734,0.8864644756797975,20,2.8871529228420076,1.0,False,True,SIO2=53.55; B2O3=13.51; K2O=6.46; NA2O=3.89; Li2O=1.77; MgO=10.37; P2O5=9.72; RO=10.39; R2O=12.35; R2O3=13.98; R2O5=9.72; RmOn=99.98,SIO2=53.52; B2O3=13.38; K2O=6.41; NA2O=3.92; Li2O=1.82; MgO=10.45; P2O5=9.77; RO=10.48; R2O=12.37; R2O3=13.84; R2O5=9.77; RmOn=99.98,SIO2=67.01; AL2O3=0.56; B2O3=16.75; K2O=8.03; NA2O=4.90; MgO=2.67; RO=2.70; R2O=12.93; R2O3=17.33; RmOn=99.98,adaptive_B
N-PK52A,adaptive,B,0.009910263291903238,0.05157678956551831,62.87877348643998,0.0,20,3.243085268248007,1.0,False,True,AL2O3=2.87; BAO=3.07; P2O5=11.69; RO=3.07; R2O3=2.87; R2O5=11.69; RF2=41.31; RF3=14.37; RHaln=55.79; RmOn=17.63,AL2O3=2.74; BAO=2.68; P2O5=10.91; RO=2.68; R2O3=2.74; R2O5=10.91; RF2=46.63; RF3=15.44; RHaln=62.17; RmOn=16.33,RF2=69.99; RF3=18.01; RHaln=88.00,adaptive_B
N-FK5,adaptive,B,0.015911413851689173,0.0367906921394497,57.36175521737809,0.639031859650177,20,2.11037867678103,1.0,False,True,SIO2=59.99; AL2O3=2.41; B2O3=10.20; K2O=7.20; NA2O=8.77; P2O5=6.44; R2O=16.23; R2O3=12.65; R2O5=6.44; RmOn=95.36,SIO2=60.55; AL2O3=2.04; B2O3=11.20; K2O=7.65; NA2O=7.53; P2O5=5.48; R2O=15.41; R2O3=13.28; R2O5=5.48; RmOn=94.76,SIO2=63.60; B2O3=17.05; K2O=10.07; R2O=10.07; R2O3=17.10; RmOn=90.78,adaptive_B
FK5HTi,adaptive,B,0.017363871458208585,0.037374833400067045,57.36175521737809,0.639031859650177,20,2.143886044784933,1.0,False,True,SIO2=60.03; AL2O3=2.44; B2O3=10.11; K2O=7.10; NA2O=8.94; P2O5=6.48; R2O=16.32; R2O3=12.59; R2O5=6.48; RmOn=95.45,SIO2=60.55; AL2O3=2.13; B2O3=10.94; K2O=7.47; NA2O=7.93; P2O5=5.66; R2O=15.65; R2O3=13.11; R2O5=5.66; RmOn=95.01,SIO2=63.69; B2O3=17.07; K2O=10.05; R2O=10.05; R2O3=17.13; RmOn=90.88,adaptive_B
N-FK51A,adaptive,B,0.03384769162213847,0.06389314032381548,77.61856767550752,0.0,20,4.95929403622477,1.0,False,True,AL2O3=1.59; BAO=1.06; P2O5=7.94; RO=1.50; R2O3=1.59; R2O5=7.94; RF2=33.35; RF3=16.32; RHaln=49.69; RmOn=11.25,AL2O3=1.58; BAO=1.03; P2O5=7.83; RO=1.46; R2O3=1.58; R2O5=7.83; RF2=32.83; RF3=16.03; RHaln=48.88; RmOn=11.10,,adaptive_B
N-FK58,adaptive,B,0.02744655437516672,0.051566543694644876,3.6534274607364754,0.0,20,0.18839462678928293,1.0,False,True,AL2O3=1.40; BAO=2.26; P2O5=6.84; RO=2.44; R2O3=1.47; R2O5=6.84; RF=2.63; RF2=51.21; RF3=35.42; RHaln=89.26; RmOn=10.74,AL2O3=1.40; BAO=2.28; P2O5=6.85; RO=2.47; R2O3=1.46; R2O5=6.85; RF=2.66; RF2=51.14; RF3=35.42; RHaln=89.22; RmOn=10.78,AL2O3=2.43; P2O5=7.44; R2O3=2.43; R2O5=7.44; RF=5.88; RF2=49.95; RF3=34.30; RHaln=90.13; RmOn=9.87,adaptive_B
