glass_name,composition_source,matched_sciglass_id,distance_first,distance_mean_top20,jaccard_mode_a_b,jaccard_label,predicted_composition,composition_pls,composition_xgb,composition_gpr,local_pls_cv_mse,local_xgb_cv_mse,local_gpr_cv_mse,composition_variance_neighbors,uncertainty_score,family_entropy,best_neighbor_plausible,plausible_ratio_top20,plausible_ratio_top5,n_neighbors_used,stable_neighbor_count
LASF35,best_neighbor_mode_b,848700066673,0.022112461526123475,0.11193783009926875,0.08108108108108109,ill_posed,SIO2=17.24; B2O3=12.40; ZRO2=8.97; TIO2=22.69,SIO2=46.20; PBO=14.27; ZNO=5.48; ZRO2=14.29; RO=19.76,SIO2=6.93; B2O3=75.21; P2O5=3.37; ZRO2=11.19; TIO2=2.22,SIO2=46.20; PBO=14.27; ZNO=5.48; ZRO2=14.29; RO=19.76,4.421728819935362,2.3949567250274755,,15.525283322404364,1.7378665267863105,0.8237197315118312,False,0.0,0.0,20,3
P-SF68,best_neighbor_mode_b,3304900407413,0.0177550996972877,0.05310676010246825,0.1111111111111111,ill_posed,SIO2=7.08; B2O3=15.98; Li2O=5.01; BAO=4.99; ZNO=9.99; GEO2=30.90; RO=14.98,SIO2=9.58; AL2O3=2.13; B2O3=32.20; Li2O=3.69; BAO=4.91; ZNO=7.85; GEO2=25.68; RO=13.11,SIO2=7.72; B2O3=29.47; Li2O=6.23; BAO=3.04; ZNO=10.73; GEO2=32.50; RO=9.64,SIO2=9.58; AL2O3=2.13; B2O3=32.20; Li2O=3.69; BAO=4.91; ZNO=7.85; GEO2=25.68; RO=13.11,15.89187768614158,3.835678972678894,,39.38761398307126,2.0917485668075897,0.6474466390346325,False,0.0,0.0,20,4
N-LASF55,best_neighbor_mode_b,848700066662,0.04507719632037788,0.09931250829786158,0.14285714285714285,ill_posed,SIO2=20.21; B2O3=20.52; ZRO2=7.42; TIO2=22.36,SIO2=16.79; B2O3=21.46; BAO=7.89; ZNO=6.89; ZRO2=7.63; TIO2=24.56; RO=14.78,SIO2=19.11; B2O3=25.29; BAO=4.94; ZNO=6.07; ZRO2=8.78; TIO2=26.71; RO=9.09,SIO2=16.79; B2O3=21.46; BAO=7.89; ZNO=6.89; ZRO2=7.63; TIO2=24.56; RO=14.78,0.16484803160879735,0.16804756216854025,,1.3992697855962077,0.13896499219297037,0.0,False,0.0,0.0,20,5
N-SF66,best_neighbor_mode_b,3554700427378,0.017084573248853676,0.13026198259293081,0.0,ill_posed,K2O=7.31; NA2O=0.56; BAO=23.01; ZNO=1.48; P2O5=26.06; TIO2=10.34; RO=24.49,SIO2=7.27; CAO=3.37; K2O=7.14; BAO=19.37; ZNO=0.79; P2O5=20.47; ZRO2=1.49; TIO2=16.39; RO=23.53,K2O=8.32; BAO=15.90; ZNO=1.03; P2O5=29.79; TIO2=17.13; RO=26.37,SIO2=7.27; CAO=3.37; K2O=7.14; BAO=19.37; ZNO=0.79; P2O5=20.47; ZRO2=1.49; TIO2=16.39; RO=23.53,26.101702170096363,2.319124715799772,,50.92432422892654,6.633503436265193,1.0549201679861442,False,0.0,0.0,20,0
N-LASF46B,best_neighbor_mode_b,3770100445790,0.014310942152251569,0.042717608803660365,0.02564102564102564,ill_posed,SIO2=9.83; B2O3=28.84; ZNO=20.32; ZRO2=5.75; TIO2=17.74; RO=20.32,SIO2=10.66; B2O3=32.68; CAO=0.68; Li2O=1.80; ZNO=15.54; GEO2=0.81; ZRO2=6.85; TIO2=14.38; RO=16.35,SIO2=9.07; B2O3=27.28; ZNO=19.16; GEO2=5.60; ZRO2=5.33; TIO2=13.58; RO=19.31,SIO2=10.66; B2O3=32.68; CAO=0.68; Li2O=1.80; ZNO=15.54; GEO2=0.81; ZRO2=6.85; TIO2=14.38; RO=16.35,8.308810949742128,1.344083047705101,,13.798129986322666,0.5894231189777872,0.9489154358953991,False,0.0,0.0,20,1
N-LASF31A,best_neighbor_mode_b,3606900432490,0.009154409954423863,0.03401212707993459,0.21212121212121213,ill_posed,SIO2=23.66; B2O3=23.82; ZNO=7.12; ZRO2=8.73; RO=7.12,SIO2=27.97; B2O3=42.54; ZNO=6.06; GEO2=0.94; ZRO2=12.61; TIO2=2.68; RO=6.38,SIO2=27.92; B2O3=50.56; ZNO=3.01; ZRO2=13.68; RO=4.19,SIO2=27.97; B2O3=42.54; ZNO=6.06; GEO2=0.94; ZRO2=12.61; TIO2=2.68; RO=6.38,1.2244422417158343,0.33039702721010267,,2.9580047012063644,0.10060803180047481,0.6730116670092565,False,0.0,0.0,20,7
N-LASF9,best_neighbor_mode_b,3462100408878,0.07599033403572136,0.145339121577409,0.02564102564102564,ill_posed,SIO2=15.91; B2O3=24.80; K2O=1.31; NA2O=1.69; PBO=8.18; Li2O=4.33; BAO=9.25; ZNO=6.44; ZRO2=6.26; TIO2=8.18; RO=23.87,SIO2=23.33; B2O3=14.00; CAO=1.27; NA2O=0.56; MgO=0.52; BAO=16.03; ZNO=0.85; GEO2=3.29; ZRO2=4.39; TIO2=15.86; RO=19.23,SIO2=26.38; B2O3=8.37; BAO=22.08; ZRO2=4.48; TIO2=15.02; RO=22.62,SIO2=23.33; B2O3=14.00; CAO=1.27; NA2O=0.56; MgO=0.52; BAO=16.03; ZNO=0.85; GEO2=3.29; ZRO2=4.39; TIO2=15.86; RO=19.23,22.594374749404686,3.758116465725304,,38.935617891303615,5.658868502395717,0.5181862130502128,False,0.25,0.4,20,1
N-SF57,best_neighbor_mode_b,3548700426251,0.0021852361225159133,0.055369352979255416,0.1111111111111111,ill_posed,SIO2=42.61; NA2O=12.80; BAO=10.29; TIO2=27.08; RO=10.29,SIO2=32.77; B2O3=2.77; CAO=1.03; K2O=2.13; NA2O=12.73; Li2O=0.95; SRO=1.25; BAO=6.41; P2O5=3.75; ZRO2=1.06; TIO2=26.10; RO=8.85,SIO2=34.97; K2O=2.15; NA2O=12.48; Li2O=2.81; BAO=7.01; P2O5=0.87; TIO2=28.54; RO=10.21,SIO2=32.77; B2O3=2.77; CAO=1.03; K2O=2.13; NA2O=12.73; Li2O=0.95; SRO=1.25; BAO=6.41; P2O5=3.75; ZRO2=1.06; TIO2=26.10; RO=8.85,33.16419125440979,8.149995750333433,,49.05649286017692,2.716226269099459,0.7305880613711224,False,0.2,0.0,20,4
N-SF57HT,best_neighbor_mode_b,3548700426251,0.0021852361225159133,0.055369352979255416,0.1111111111111111,ill_posed,SIO2=42.61; NA2O=12.80; BAO=10.29; TIO2=27.08; RO=10.29,SIO2=32.77; B2O3=2.77; CAO=1.03; K2O=2.13; NA2O=12.73; Li2O=0.95; SRO=1.25; BAO=6.41; P2O5=3.75; ZRO2=1.06; TIO2=26.10; RO=8.85,SIO2=34.97; K2O=2.15; NA2O=12.48; Li2O=2.81; BAO=7.01; P2O5=0.87; TIO2=28.54; RO=10.21,SIO2=32.77; B2O3=2.77; CAO=1.03; K2O=2.13; NA2O=12.73; Li2O=0.95; SRO=1.25; BAO=6.41; P2O5=3.75; ZRO2=1.06; TIO2=26.10; RO=8.85,33.16419125440979,8.149995750333433,,49.05649286017692,2.716226269099459,0.7305880613711224,False,0.2,0.0,20,4
N-SF57HTultra,best_neighbor_mode_b,3548700426251,0.0021852361225159133,0.055369352979255416,0.1111111111111111,ill_posed,SIO2=42.61; NA2O=12.80; BAO=10.29; TIO2=27.08; RO=10.29,SIO2=32.77; B2O3=2.77; CAO=1.03; K2O=2.13; NA2O=12.73; Li2O=0.95; SRO=1.25; BAO=6.41; P2O5=3.75; ZRO2=1.06; TIO2=26.10; RO=8.85,SIO2=34.97; K2O=2.15; NA2O=12.48; Li2O=2.81; BAO=7.01; P2O5=0.87; TIO2=28.54; RO=10.21,SIO2=32.77; B2O3=2.77; CAO=1.03; K2O=2.13; NA2O=12.73; Li2O=0.95; SRO=1.25; BAO=6.41; P2O5=3.75; ZRO2=1.06; TIO2=26.10; RO=8.85,33.16419125440979,8.149995750333433,,49.05649286017692,2.716226269099459,0.7305880613711224,False,0.2,0.0,20,4
SF57,best_neighbor_mode_b,190500000726,0.01394635641523577,0.04164271295030466,0.08108108108108109,ill_posed,SIO2=55.93; PBO=44.07; RO=44.07,SIO2=36.73; B2O3=0.53; NA2O=0.82; PBO=29.71; BAO=0.56; ZRO2=0.55; RO=30.32,SIO2=36.63; B2O3=0.51; K2O=0.87; NA2O=0.77; PBO=29.64; RO=30.19,SIO2=36.73; B2O3=0.53; NA2O=0.82; PBO=29.71; BAO=0.56; ZRO2=0.55; RO=30.32,2.664732440107069,0.6193252617649274,,73.25173541335035,3.050400990929815,0.6730116670092565,False,0.15,0.0,20,3
SF57HTultra,best_neighbor_mode_b,190500000726,0.01394635641523577,0.04164271295030466,0.08108108108108109,ill_posed,SIO2=55.93; PBO=44.07; RO=44.07,SIO2=36.73; B2O3=0.53; NA2O=0.82; PBO=29.71; BAO=0.56; ZRO2=0.55; RO=30.32,SIO2=36.63; B2O3=0.51; K2O=0.87; NA2O=0.77; PBO=29.64; RO=30.19,SIO2=36.73; B2O3=0.53; NA2O=0.82; PBO=29.71; BAO=0.56; ZRO2=0.55; RO=30.32,2.664732440107069,0.6193252617649274,,73.25173541335035,3.050400990929815,0.6730116670092565,False,0.15,0.0,20,3
N-LASF41,best_neighbor_mode_b,2756100361833,0.02053765862055273,0.04978819539141098,0.2903225806451613,ill_posed,SIO2=2.40; B2O3=54.09; ZNO=6.82; ZRO2=8.66; RO=6.82,SIO2=7.89; B2O3=61.13; BAO=3.70; ZNO=7.92; ZRO2=5.90; TIO2=1.85; RO=11.61,SIO2=0.78; B2O3=78.54; ZNO=6.47; ZRO2=3.39; RO=10.18,SIO2=7.89; B2O3=61.13; BAO=3.70; ZNO=7.92; ZRO2=5.90; TIO2=1.85; RO=11.61,11.67822101160122,2.5895114374525074,,14.584327069930103,0.7261273258099243,0.5004024235381879,False,0.05,0.0,20,9
N-LASF40,best_neighbor_mode_b,3735700443246,0.03463681079440785,0.06287999662549079,0.05263157894736842,ill_posed,B2O3=43.00; ZNO=24.00; TIO2=10.00; RO=24.00,SIO2=4.43; B2O3=42.43; CAO=1.98; Li2O=1.59; ZNO=19.86; GEO2=0.58; ZRO2=3.89; TIO2=2.02; RO=22.94,SIO2=2.48; B2O3=41.56; CAO=1.30; ZNO=22.89; GEO2=0.92; ZRO2=1.70; TIO2=3.22; RO=25.27,SIO2=4.43; B2O3=42.43; CAO=1.98; Li2O=1.59; ZNO=19.86; GEO2=0.58; ZRO2=3.89; TIO2=2.02; RO=22.94,8.477719564243873,1.1886468591889823,,15.620919617935556,0.9822433728628507,0.1985152433458726,True,0.25,0.6,20,2
SF6G05,best_neighbor_mode_b,326300110721,0.01214539985331221,0.05895843992076653,0.08108108108108109,ill_posed,SIO2=57.24; K2O=1.34; NA2O=1.02; PBO=40.07; RO=40.07,SIO2=30.70; B2O3=9.27; CAO=0.52; K2O=2.59; NA2O=2.97; PBO=20.42; Li2O=2.54; BAO=2.06; ZNO=0.70; P2O5=3.10; TIO2=0.75; RO=23.92,SIO2=38.25; B2O3=3.45; K2O=2.55; PBO=26.26; BAO=1.58; RO=27.12,SIO2=30.70; B2O3=9.27; CAO=0.52; K2O=2.59; NA2O=2.97; PBO=20.42; Li2O=2.54; BAO=2.06; ZNO=0.70; P2O5=3.10; TIO2=0.75; RO=23.92,26.48964844908981,3.421768762161736,,109.3172671354262,6.445175526706411,0.8451132568429528,False,0.0,0.0,20,3
N-LASF43,best_neighbor_mode_b,508400061790,0.018638895396664037,0.09006842030688782,0.0,ill_posed,SIO2=22.91; B2O3=19.77; CAO=22.59; BAO=2.14; ZNO=11.00; ZRO2=5.14; RO=35.74,SIO2=12.48; B2O3=28.00; CAO=16.19; Li2O=0.87; MgO=0.63; ZNO=9.10; ZRO2=4.32; RO=26.86,SIO2=17.11; B2O3=17.86; CAO=21.93; BAO=2.14; ZNO=9.99; P2O5=1.35; ZRO2=4.18; RO=24.98,SIO2=12.48; B2O3=28.00; CAO=16.19; Li2O=0.87; MgO=0.63; ZNO=9.10; ZRO2=4.32; RO=26.86,13.064873639430749,2.936775540696486,,43.131851534558365,3.8848177326288873,0.0,False,0.2,0.2,20,0
P-LASF47,best_neighbor_mode_b,3137100403552,0.005348329583032153,0.017189168931129324,0.17647058823529413,ill_posed,SIO2=11.58; B2O3=30.90; Li2O=7.50; ZNO=28.23; ZRO2=3.36; RO=28.23,SIO2=5.86; B2O3=30.51; Li2O=5.70; ZNO=27.37; ZRO2=2.61; RO=27.37,SIO2=7.04; B2O3=29.79; Li2O=6.05; ZNO=26.99; ZRO2=3.02; RO=26.99,SIO2=5.86; B2O3=30.51; Li2O=5.70; ZNO=27.37; ZRO2=2.61; RO=27.37,1.062291668767379,0.3660553999492285,,1.8520205302480117,0.03183469375835278,0.0,False,0.0,0.0,20,6
N-SF6,best_neighbor_mode_b,3548300426188,0.014740970147822658,0.05007017586550826,0.02564102564102564,ill_posed,SIO2=31.76; B2O3=18.20; CAO=2.72; K2O=4.05; NA2O=8.62; P2O5=1.83; ZRO2=1.86; TIO2=28.67; RO=2.72,SIO2=28.70; B2O3=9.04; CAO=6.07; K2O=7.32; NA2O=10.36; BAO=5.11; GEO2=1.03; ZRO2=1.99; TIO2=17.81; RO=11.86,SIO2=33.85; B2O3=1.48; K2O=6.26; NA2O=17.93; Li2O=2.08; SRO=0.76; BAO=1.81; P2O5=1.09; GEO2=1.23; TIO2=30.27; RO=2.71,SIO2=28.70; B2O3=9.04; CAO=6.07; K2O=7.32; NA2O=10.36; BAO=5.11; GEO2=1.03; ZRO2=1.99; TIO2=17.81; RO=11.86,14.955625743821201,6.293822230465753,,20.68495263269087,1.0356992160885399,0.0,True,0.2,0.4,20,1
N-SF6HT,best_neighbor_mode_b,3548300426188,0.014740970147822658,0.05007017586550826,0.02564102564102564,ill_posed,SIO2=31.76; B2O3=18.20; CAO=2.72; K2O=4.05; NA2O=8.62; P2O5=1.83; ZRO2=1.86; TIO2=28.67; RO=2.72,SIO2=28.70; B2O3=9.04; CAO=6.07; K2O=7.32; NA2O=10.36; BAO=5.11; GEO2=1.03; ZRO2=1.99; TIO2=17.81; RO=11.86,SIO2=33.85; B2O3=1.48; K2O=6.26; NA2O=17.93; Li2O=2.08; SRO=0.76; BAO=1.81; P2O5=1.09; GEO2=1.23; TIO2=30.27; RO=2.71,SIO2=28.70; B2O3=9.04; CAO=6.07; K2O=7.32; NA2O=10.36; BAO=5.11; GEO2=1.03; ZRO2=1.99; TIO2=17.81; RO=11.86,14.955625743821201,6.293822230465753,,20.68495263269087,1.0356992160885399,0.0,True,0.2,0.4,20,1
N-SF6HTultra,best_neighbor_mode_b,3548300426188,0.014740970147822658,0.05007017586550826,0.02564102564102564,ill_posed,SIO2=31.76; B2O3=18.20; CAO=2.72; K2O=4.05; NA2O=8.62; P2O5=1.83; ZRO2=1.86; TIO2=28.67; RO=2.72,SIO2=28.70; B2O3=9.04; CAO=6.07; K2O=7.32; NA2O=10.36; BAO=5.11; GEO2=1.03; ZRO2=1.99; TIO2=17.81; RO=11.86,SIO2=33.85; B2O3=1.48; K2O=6.26; NA2O=17.93; Li2O=2.08; SRO=0.76; BAO=1.81; P2O5=1.09; GEO2=1.23; TIO2=30.27; RO=2.71,SIO2=28.70; B2O3=9.04; CAO=6.07; K2O=7.32; NA2O=10.36; BAO=5.11; GEO2=1.03; ZRO2=1.99; TIO2=17.81; RO=11.86,14.955625743821201,6.293822230465753,,20.68495263269087,1.0356992160885399,0.0,True,0.2,0.4,20,1
SF6,best_neighbor_mode_b,2619800198758,0.0009873577052632908,0.05989480907533314,0.1111111111111111,ill_posed,SIO2=57.36; K2O=1.34; NA2O=1.02; PBO=40.16; RO=40.16,SIO2=28.25; B2O3=8.76; K2O=1.93; NA2O=1.74; PBO=18.59; Li2O=1.29; BAO=4.27; P2O5=1.53; TEO2=7.80; RO=24.05,SIO2=35.30; B2O3=1.08; K2O=3.08; PBO=24.98; BAO=3.41; RO=31.74,SIO2=28.25; B2O3=8.76; K2O=1.93; NA2O=1.74; PBO=18.59; Li2O=1.29; BAO=4.27; P2O5=1.53; TEO2=7.80; RO=24.05,34.367480036969226,5.8094276591450855,,133.54078049866519,7.9983995517385225,0.8556886672556694,False,0.0,0.0,20,4
SF6HT,best_neighbor_mode_b,2619800198758,0.0009873577052632908,0.05989480907533314,0.1111111111111111,ill_posed,SIO2=57.36; K2O=1.34; NA2O=1.02; PBO=40.16; RO=40.16,SIO2=28.25; B2O3=8.76; K2O=1.93; NA2O=1.74; PBO=18.59; Li2O=1.29; BAO=4.27; P2O5=1.53; TEO2=7.80; RO=24.05,SIO2=35.30; B2O3=1.08; K2O=3.08; PBO=24.98; BAO=3.41; RO=31.74,SIO2=28.25; B2O3=8.76; K2O=1.93; NA2O=1.74; PBO=18.59; Li2O=1.29; BAO=4.27; P2O5=1.53; TEO2=7.80; RO=24.05,34.367480036969226,5.8094276591450855,,133.54078049866519,7.9983995517385225,0.8556886672556694,False,0.0,0.0,20,4
N-LASF44,best_neighbor_mode_b,4025800474348,0.047732437876598664,0.07808905038638024,0.0,ill_posed,SIO2=44.67; B2O3=12.53; Li2O=3.14; ZNO=9.89; ZRO2=6.21; RO=9.89,SIO2=8.36; B2O3=66.35; BAO=0.78; ZNO=6.02; ZRO2=10.91; TIO2=0.73; RO=6.53,SIO2=5.20; B2O3=63.90; ZNO=8.03; ZRO2=10.74; TIO2=0.80; RO=10.58,SIO2=8.36; B2O3=66.35; BAO=0.78; ZNO=6.02; ZRO2=10.91; TIO2=0.73; RO=6.53,8.232234902983597,1.7451415065887987,,21.815289129430965,1.7035352120215879,0.6474466390346325,False,0.0,0.0,20,0
N-LASF45,best_neighbor_mode_b,847400066500,0.009835567852984853,0.03740032724365339,0.08108108108108109,ill_posed,SIO2=21.66; B2O3=21.18; CAO=30.94; MgO=2.15; ZRO2=4.22; TIO2=10.86; RO=33.09,SIO2=27.28; CAO=27.70; MgO=0.62; ZNO=3.31; ZRO2=1.93; TIO2=6.95; RO=31.59,SIO2=21.16; B2O3=11.44; CAO=25.73; MgO=0.69; ZRO2=2.46; TIO2=8.24; RO=29.37,SIO2=27.28; CAO=27.70; MgO=0.62; ZNO=3.31; ZRO2=1.93; TIO2=6.95; RO=31.59,10.753272038983804,2.2458436808353297,,33.2294207424869,1.242791209886054,0.6474466390346325,False,0.0,0.0,20,3
N-LAF21,best_neighbor_mode_b,2980700400283,0.036979342618338,0.06598968984489959,0.02564102564102564,ill_posed,SIO2=6.53; B2O3=54.46; ZNO=6.43; ZRO2=7.43; RO=6.43,SIO2=14.79; B2O3=51.27; BAO=4.01; ZNO=7.61; P2O5=2.26; ZRO2=10.17; TIO2=1.28; RO=8.18,SIO2=9.76; B2O3=65.88; ZNO=7.19; ZRO2=8.26; RO=8.24,SIO2=14.79; B2O3=51.27; BAO=4.01; ZNO=7.61; P2O5=2.26; ZRO2=10.17; TIO2=1.28; RO=8.18,12.632189437199113,1.8176090498744404,,20.781084330039135,1.3713373095799855,0.3250829733914482,False,0.0,0.0,20,1
N-LAF33,best_neighbor_mode_b,3481900409513,0.02342862276047672,0.08381422628205744,0.05263157894736842,ill_posed,SIO2=9.43; B2O3=39.08; ZNO=32.03; ZRO2=3.68; RO=32.03,SIO2=10.14; B2O3=37.85; CAO=2.66; Li2O=1.24; BAO=2.56; ZNO=17.83; ZRO2=2.48; TIO2=2.07; RO=23.07,SIO2=9.15; B2O3=46.97; CAO=2.32; BAO=0.52; ZNO=14.84; ZRO2=1.66; RO=23.81,SIO2=10.14; B2O3=37.85; CAO=2.66; Li2O=1.24; BAO=2.56; ZNO=17.83; ZRO2=2.48; TIO2=2.07; RO=23.07,27.30014900773046,5.323150773170064,,46.59419100178869,3.9052560680533217,0.1985152433458726,False,0.05,0.2,20,2
N-SF11,best_neighbor_mode_b,849000066692,0.020177596116468903,0.06484403010129167,0.1111111111111111,ill_posed,SIO2=44.16; B2O3=0.66; CAO=1.71; K2O=4.92; NA2O=12.80; BAO=3.94; TIO2=25.21; RO=5.65,SIO2=40.42; CAO=2.16; K2O=2.75; NA2O=16.87; BAO=4.65; P2O5=1.95; GEO2=0.95; TIO2=22.97; RO=7.03,SIO2=43.80; CAO=1.66; K2O=4.78; NA2O=13.04; BAO=4.37; TIO2=25.40; RO=6.28,SIO2=40.42; CAO=2.16; K2O=2.75; NA2O=16.87; BAO=4.65; P2O5=1.95; GEO2=0.95; TIO2=22.97; RO=7.03,16.00959516818361,5.849922308452331,,25.489087849840118,1.6528151797895003,0.1985152433458726,True,0.4,0.6,20,4
SF11,best_neighbor_mode_b,381400110723,0.00458211132898648,0.08175855998251429,0.05263157894736842,ill_posed,SIO2=57.02; AL2O3=2.88; NA2O=0.95; PBO=33.43; TIO2=5.43; RO=33.43,SIO2=18.56; B2O3=0.98; K2O=0.77; NA2O=7.55; PBO=15.66; Li2O=1.90; MgO=0.99; BAO=3.19; ZNO=5.08; P2O5=8.64; GEO2=9.33; TIO2=2.51; RO=24.53,SIO2=26.12; AL2O3=1.07; K2O=2.08; NA2O=3.21; PBO=22.18; Li2O=4.60; P2O5=10.18; TIO2=5.90; RO=23.61,SIO2=18.56; B2O3=0.98; K2O=0.77; NA2O=7.55; PBO=15.66; Li2O=1.90; MgO=0.99; BAO=3.19; ZNO=5.08; P2O5=8.64; GEO2=9.33; TIO2=2.51; RO=24.53,35.36322459176228,5.685830132475345,,74.64549674924046,6.102908323397352,1.4446460691338838,False,0.05,0.0,20,2
SF56A,best_neighbor_mode_b,2823100362595,0.014955499210096623,0.07791039294909655,0.14285714285714285,ill_posed,SIO2=58.47; K2O=1.92; NA2O=1.55; PBO=36.17; TIO2=1.81; RO=36.17,SIO2=31.54; B2O3=1.06; K2O=1.45; NA2O=3.90; PBO=21.64; Li2O=2.78; BAO=2.56; P2O5=4.83; GEO2=4.19; TIO2=1.49; RO=24.20,SIO2=41.62; K2O=1.42; PBO=27.22; TIO2=0.96; RO=27.88,SIO2=31.54; B2O3=1.06; K2O=1.45; NA2O=3.90; PBO=21.64; Li2O=2.78; BAO=2.56; P2O5=4.83; GEO2=4.19; TIO2=1.49; RO=24.20,27.298313558262592,6.2513551126874525,,88.75557112019999,6.9149814223962665,0.8260651866153443,False,0.0,0.0,20,5
N-LAF34,best_neighbor_mode_b,2852200365620,0.0012436744581531467,0.04609779284814883,0.08108108108108109,ill_posed,SIO2=11.34; B2O3=51.34; ZNO=5.21; ZRO2=7.93; TIO2=0.64; RO=5.46,SIO2=9.59; B2O3=70.11; ZNO=5.43; ZRO2=8.17; RO=5.22,SIO2=11.98; B2O3=66.61; ZNO=5.12; ZRO2=9.23; RO=5.95,SIO2=9.59; B2O3=70.11; ZNO=5.43; ZRO2=8.17; RO=5.22,8.806434830655846,1.796862199215168,,18.802927948973068,0.8667734775304283,0.5623351446188083,False,0.0,0.0,20,3
N-SF14,best_neighbor_mode_b,3546600425758,0.021499468006198,0.06670413857712736,0.08108108108108109,ill_posed,SIO2=22.55; K2O=19.18; NA2O=14.57; GEO2=6.04; TIO2=30.53,SIO2=40.11; B2O3=1.88; CAO=1.30; K2O=8.15; NA2O=13.88; BAO=3.46; GEO2=0.52; TIO2=24.97; RO=5.15,SIO2=31.42; B2O3=6.85; CAO=1.76; K2O=7.72; NA2O=14.35; Li2O=0.59; BAO=2.04; P2O5=1.16; TIO2=31.12; RO=2.64,SIO2=40.11; B2O3=1.88; CAO=1.30; K2O=8.15; NA2O=13.88; BAO=3.46; GEO2=0.52; TIO2=24.97; RO=5.15,21.31252064526275,5.020011799602944,,30.12396572273634,2.009393184062039,0.1985152433458726,False,0.25,0.0,20,3
P-LAF37,best_neighbor_mode_b,3053100401245,0.02364016667050669,0.0648831149906264,0.08108108108108109,ill_posed,SIO2=21.97; AL2O3=0.54; B2O3=27.49; CAO=3.53; NA2O=4.97; Li2O=9.20; ZNO=11.49; ZRO2=0.89; TIO2=2.75; RO=15.02,SIO2=11.34; B2O3=18.55; Li2O=1.09; ZNO=33.52; ZRO2=1.72; RO=33.30,SIO2=16.97; B2O3=31.42; CAO=1.07; NA2O=2.36; Li2O=10.90; ZNO=16.95; ZRO2=1.04; TIO2=1.83; RO=17.27,SIO2=11.34; B2O3=18.55; Li2O=1.09; ZNO=33.52; ZRO2=1.72; RO=33.30,13.059965398411045,2.553290348497722,,19.338387996302565,1.2547348520974486,0.0,False,0.05,0.0,20,3
SF4,best_neighbor_mode_b,2619800198756,0.0007691720726841996,0.05117119572386684,0.2903225806451613,ill_posed,SIO2=60.93; K2O=2.51; NA2O=1.52; PBO=34.92; RO=34.92,SIO2=44.20; K2O=1.88; NA2O=1.40; PBO=24.52; Li2O=0.55; P2O5=1.44; TIO2=0.72; RO=24.68,SIO2=44.85; K2O=2.05; NA2O=1.13; PBO=25.62; RO=25.62,SIO2=44.20; K2O=1.88; NA2O=1.40; PBO=24.52; Li2O=0.55; P2O5=1.44; TIO2=0.72; RO=24.68,4.428433528419905,2.6124557125095946,,55.240847244757454,2.8267402063137137,0.3250829733914482,False,0.0,0.0,20,9
N-SF4,best_neighbor_mode_b,849000066684,0.002971736537230298,0.054812620970739,0.1111111111111111,ill_posed,SIO2=42.60; B2O3=0.56; CAO=2.77; K2O=4.36; NA2O=15.02; BAO=4.55; TIO2=27.00; RO=7.32,SIO2=35.57; B2O3=2.70; CAO=1.41; K2O=7.17; NA2O=14.40; Li2O=3.12; BAO=3.41; P2O5=2.15; GEO2=0.67; ZRO2=0.59; TIO2=23.31; RO=5.08,SIO2=38.25; B2O3=3.14; CAO=1.35; K2O=4.97; NA2O=13.29; Li2O=1.34; BAO=2.88; P2O5=1.45; TIO2=28.24; RO=4.56,SIO2=35.57; B2O3=2.70; CAO=1.41; K2O=7.17; NA2O=14.40; Li2O=3.12; BAO=3.41; P2O5=2.15; GEO2=0.67; ZRO2=0.59; TIO2=23.31; RO=5.08,31.73051644553792,9.410770949302702,,40.232195899791385,2.205232104675785,0.39439769144744274,False,0.1,0.2,20,4
N-LAK33B,best_neighbor_mode_b,3483700419576,0.017342780098105564,0.0709576685936851,0.0,ill_posed,B2O3=63.64; CAO=12.12; RO=12.12,SIO2=9.61; B2O3=71.10; CAO=0.90; ZNO=3.70; ZRO2=7.72; TIO2=0.55; RO=4.88,SIO2=4.68; B2O3=73.68; CAO=2.25; ZNO=2.43; ZRO2=7.58; RO=8.97,SIO2=9.61; B2O3=71.10; CAO=0.90; ZNO=3.70; ZRO2=7.72; TIO2=0.55; RO=4.88,16.867118932796476,1.9603260209615865,,25.89956053912453,1.8377724334572827,0.0,False,0.0,0.0,20,0
N-LAF7,best_neighbor_mode_b,2415700192302,0.04742775111864869,0.11516514978980216,0.08108108108108109,ill_posed,SIO2=25.78; B2O3=20.94; CAO=2.44; NA2O=5.88; BAO=17.23; ZNO=10.08; ZRO2=2.96; TIO2=11.41; RO=29.75,SIO2=26.98; AL2O3=1.02; B2O3=9.70; CAO=1.38; NA2O=2.66; SRO=1.14; BAO=14.18; ZNO=7.34; ZRO2=0.54; TIO2=10.26; RO=24.12,SIO2=26.31; B2O3=12.13; CAO=1.52; NA2O=3.72; BAO=13.82; ZNO=7.89; ZRO2=0.53; TIO2=10.79; RO=22.94,SIO2=26.98; AL2O3=1.02; B2O3=9.70; CAO=1.38; NA2O=2.66; SRO=1.14; BAO=14.18; ZNO=7.34; ZRO2=0.54; TIO2=10.26; RO=24.12,17.514702434329983,4.360404505970582,,43.847407290158884,5.049693228465611,0.6881388137135884,False,0.0,0.0,20,3
N-LAK28,best_neighbor_mode_b,209300110671,0.013721696971798385,0.052984933457339435,0.02564102564102564,ill_posed,SIO2=7.28; B2O3=51.29; CAO=3.88; ZNO=16.93; ZRO2=4.42; RO=20.81,SIO2=2.81; AL2O3=1.41; B2O3=53.92; ZNO=17.22; ZRO2=3.09; RO=20.78,B2O3=56.46; ZNO=17.99; ZRO2=5.73; RO=18.95,SIO2=2.81; AL2O3=1.41; B2O3=53.92; ZNO=17.22; ZRO2=3.09; RO=20.78,8.366278814699918,1.0983417491210516,,13.388762851104929,0.7094027087418928,0.0,False,0.35,0.2,20,1
N-LAF2,best_neighbor_mode_b,2398000191633,0.002127114037646848,0.08239026217818263,0.02564102564102564,ill_posed,SIO2=31.82; B2O3=21.66; CAO=1.44; BAO=28.71; ZRO2=2.25; TIO2=3.98; RO=30.58,SIO2=14.70; B2O3=62.13; CAO=0.57; MgO=1.24; BAO=7.23; TIO2=1.97; RO=11.42,SIO2=27.71; B2O3=26.91; CAO=3.67; BAO=15.03; ZRO2=1.00; TIO2=3.79; RO=21.52,SIO2=14.70; B2O3=62.13; CAO=0.57; MgO=1.24; BAO=7.23; TIO2=1.97; RO=11.42,40.595302543934814,6.978380007623846,,58.321134889151324,4.8050935940463315,0.0,False,0.0,0.0,20,1
SF3,best_neighbor_mode_b,2619800198754,6.546376452869212e-08,0.058592310684520796,0.05263157894736842,ill_posed,SIO2=60.99; K2O=3.06; NA2O=2.79; PBO=33.04; RO=33.04,SIO2=43.87; K2O=2.03; NA2O=2.38; PBO=24.22; Li2O=1.00; P2O5=1.21; TIO2=0.75; RO=23.50,SIO2=46.27; K2O=2.93; NA2O=1.71; PBO=24.57; RO=24.05,SIO2=43.87; K2O=2.03; NA2O=2.38; PBO=24.22; Li2O=1.00; P2O5=1.21; TIO2=0.75; RO=23.50,30.88782425822479,5.623851536857168,,63.60614985342759,3.726831293658216,0.5181862130502128,False,0.0,0.0,20,2
N-LAK34,best_neighbor_mode_b,989200041057,0.009348767052434936,0.0565900321954302,0.05263157894736842,ill_posed,B2O3=72.75; CAO=4.50; RO=4.50,SIO2=2.75; AL2O3=2.13; B2O3=86.28; CAO=1.36; SRO=0.51; ZNO=1.30; ZRO2=2.20; RO=3.07,B2O3=92.46; CAO=0.80; RO=5.27,SIO2=2.75; AL2O3=2.13; B2O3=86.28; CAO=1.36; SRO=0.51; ZNO=1.30; ZRO2=2.20; RO=3.07,41.974359516347796,7.507250889193892,,87.3894877029918,4.945373922654458,0.5004024235381879,False,0.05,0.0,20,2
N-SF10,best_neighbor_mode_b,3159300404864,0.0126441259132404,0.06269281377760297,0.05263157894736842,ill_posed,SIO2=44.05; AL2O3=0.52; B2O3=2.70; CAO=1.07; K2O=5.20; NA2O=15.31; BAO=3.59; TIO2=25.07; RO=4.73,SIO2=42.98; B2O3=4.21; CAO=0.63; K2O=8.73; NA2O=13.53; SRO=0.50; BAO=1.52; P2O5=2.73; TIO2=21.20; RO=2.95,SIO2=45.15; B2O3=1.50; CAO=1.37; K2O=4.68; NA2O=14.65; Li2O=0.58; SRO=0.86; BAO=1.80; TIO2=24.39; RO=4.34,SIO2=42.98; B2O3=4.21; CAO=0.63; K2O=8.73; NA2O=13.53; SRO=0.50; BAO=1.52; P2O5=2.73; TIO2=21.20; RO=2.95,15.85306338523671,5.124407729848363,,35.37540237805988,2.2177835135954815,0.3250829733914482,False,0.1,0.2,20,2
SF10,best_neighbor_mode_b,4194200489015,0.04452394217480887,0.08208130200304536,0.0,ill_posed,K2O=3.47; NA2O=15.03; Li2O=8.68; ZNO=30.12; P2O5=26.90; RO=30.12,SIO2=19.15; AL2O3=1.36; B2O3=2.26; K2O=0.57; NA2O=7.00; PBO=8.83; Li2O=3.44; SRO=0.53; ZNO=11.40; P2O5=9.91; GEO2=9.05; TIO2=5.42; RO=20.76,K2O=1.27; NA2O=13.63; Li2O=6.46; ZNO=26.79; P2O5=22.25; TIO2=2.93; RO=26.29,SIO2=19.15; AL2O3=1.36; B2O3=2.26; K2O=0.57; NA2O=7.00; PBO=8.83; Li2O=3.44; SRO=0.53; ZNO=11.40; P2O5=9.91; GEO2=9.05; TIO2=5.42; RO=20.76,14.861405785097467,6.4531714111092215,,64.43996031469405,5.28931584365466,1.0097627067113208,False,0.0,0.0,20,0
P-SF69,best_neighbor_mode_b,3159300404863,0.044186172118646845,0.07106742257014552,0.02564102564102564,ill_posed,SIO2=44.48; B2O3=2.62; CAO=1.34; K2O=6.28; NA2O=14.56; BAO=2.54; ZRO2=0.85; TIO2=25.63; RO=3.92,SIO2=39.30; B2O3=2.14; CAO=1.84; K2O=3.30; NA2O=15.61; Li2O=2.81; BAO=1.64; ZNO=1.21; P2O5=3.62; ZRO2=0.66; TIO2=21.69; RO=5.40,SIO2=47.74; B2O3=2.77; CAO=1.55; K2O=5.30; NA2O=16.29; Li2O=0.84; BAO=2.23; ZRO2=0.62; TIO2=18.57; RO=3.49,SIO2=39.30; B2O3=2.14; CAO=1.84; K2O=3.30; NA2O=15.61; Li2O=2.81; BAO=1.64; ZNO=1.21; P2O5=3.62; ZRO2=0.66; TIO2=21.69; RO=5.40,19.24258865259467,4.766605161518155,,72.0315789416998,5.1190986590445755,0.8864644756797975,False,0.3,0.0,20,1
N-KZFS8,best_neighbor_mode_b,3204600406676,0.026319814196492018,0.06749516305895883,0.05263157894736842,ill_posed,SIO2=44.78; B2O3=8.45; CAO=4.50; K2O=3.21; NA2O=8.14; Li2O=14.07; BAO=0.55; ZRO2=6.14; RO=5.05,SIO2=43.65; B2O3=4.98; CAO=3.45; K2O=4.55; NA2O=7.28; Li2O=6.77; BAO=4.64; ZRO2=4.51; TIO2=11.45; RO=8.25,SIO2=43.07; B2O3=5.22; CAO=5.22; K2O=3.94; NA2O=6.11; Li2O=4.46; SRO=0.51; BAO=3.11; ZRO2=4.91; TIO2=14.83; RO=8.47,SIO2=43.65; B2O3=4.98; CAO=3.45; K2O=4.55; NA2O=7.28; Li2O=6.77; BAO=4.64; ZRO2=4.51; TIO2=11.45; RO=8.25,2.17062941194327,0.7836488306513465,,5.693593368096096,0.3842900127710526,0.3250829733914482,False,0.0,0.0,20,2
N-LAK10,best_neighbor_mode_b,3693200439345,0.01715573143713765,0.07686140252454768,0.0,ill_posed,SIO2=16.04; AL2O3=2.24; B2O3=39.69; SRO=11.99; BAO=2.28; ZNO=10.36; ZRO2=5.88; TIO2=1.32; RO=24.64,SIO2=6.00; AL2O3=1.32; B2O3=44.41; CAO=10.38; MgO=3.28; SRO=1.04; BAO=0.89; ZNO=6.07; ZRO2=4.21; RO=21.75,SIO2=6.67; AL2O3=0.71; B2O3=53.67; CAO=5.75; MgO=2.20; SRO=2.43; BAO=0.72; ZNO=7.72; ZRO2=3.33; TIO2=0.63; RO=16.06,SIO2=6.00; AL2O3=1.32; B2O3=44.41; CAO=10.38; MgO=3.28; SRO=1.04; BAO=0.89; ZNO=6.07; ZRO2=4.21; RO=21.75,17.275736881631584,3.8003127703074133,,28.017703996454436,2.1534800246851127,0.1985152433458726,False,0.25,0.0,20,0
N-SF1,best_neighbor_mode_b,3159300404861,0.004387121560512919,0.05115972692259359,0.02564102564102564,ill_posed,SIO2=46.98; B2O3=2.93; CAO=2.69; K2O=4.81; NA2O=14.61; BAO=2.92; TIO2=21.83; RO=5.66,SIO2=44.92; B2O3=1.25; CAO=1.05; K2O=6.22; NA2O=13.89; SRO=1.14; BAO=1.15; ZNO=0.79; P2O5=1.26; ZRO2=0.79; TIO2=22.62; RO=4.05,SIO2=47.04; B2O3=3.23; CAO=1.54; K2O=4.42; NA2O=13.11; BAO=2.57; TIO2=22.72; RO=4.55,SIO2=44.92; B2O3=1.25; CAO=1.05; K2O=6.22; NA2O=13.89; SRO=1.14; BAO=1.15; ZNO=0.79; P2O5=1.26; ZRO2=0.79; TIO2=22.62; RO=4.05,18.826253771258877,2.981930436595179,,33.34395157265442,1.705867456977185,0.3250829733914482,False,0.05,0.0,20,1
SF1,best_neighbor_mode_b,2853300365710,0.0008954232142831375,0.036443848655624125,0.3333333333333333,weak,SIO2=63.25; K2O=2.98; NA2O=2.71; PBO=30.89; RO=30.89,SIO2=47.68; K2O=2.43; NA2O=2.71; PBO=22.96; RO=22.99,SIO2=48.30; K2O=2.16; NA2O=1.95; PBO=23.55; RO=23.57,SIO2=47.68; K2O=2.43; NA2O=2.71; PBO=22.96; RO=22.99,2.4800183495618486,1.1845444486383137,,37.20652564904526,1.3559489897554027,0.39439769144744274,False,0.0,0.0,20,10
N-LAK8,best_neighbor_mode_b,2087100187414,0.03464978631954586,0.06989467440539897,0.0,ill_posed,B2O3=60.24; MgO=24.10; RO=24.10,SIO2=5.53; B2O3=38.56; CAO=8.57; MgO=4.96; SRO=0.63; BAO=2.61; ZNO=4.23; GEO2=11.62; ZRO2=2.15; RO=21.01,SIO2=2.80; B2O3=57.83; CAO=2.49; MgO=6.70; ZNO=4.13; ZRO2=3.46; RO=21.72,SIO2=5.53; B2O3=38.56; CAO=8.57; MgO=4.96; SRO=0.63; BAO=2.61; ZNO=4.23; GEO2=11.62; ZRO2=2.15; RO=21.01,28.109880570426274,5.837888702712556,,40.931517853111266,2.860895113261987,0.1985152433458726,False,0.05,0.0,20,0
N-BASF64,best_neighbor_mode_b,948900067914,0.005722278591386953,0.03234236961277246,0.14285714285714285,ill_posed,SIO2=36.58; B2O3=9.84; CAO=13.75; K2O=2.59; NA2O=2.60; Li2O=7.42; MgO=7.43; ZNO=3.71; P2O5=0.94; ZRO2=4.64; TIO2=5.86; RO=24.89,SIO2=26.25; AL2O3=0.99; B2O3=11.04; CAO=13.28; K2O=1.65; NA2O=2.64; Li2O=3.94; MgO=6.00; SRO=0.83; ZNO=1.33; P2O5=0.64; GEO2=0.73; ZRO2=2.83; TIO2=6.35; RO=21.47,SIO2=29.24; AL2O3=0.60; B2O3=7.89; CAO=12.97; K2O=2.25; NA2O=2.90; Li2O=3.52; MgO=5.97; SRO=1.27; ZNO=1.62; ZRO2=3.58; TIO2=5.97; RO=21.74,SIO2=26.25; AL2O3=0.99; B2O3=11.04; CAO=13.28; K2O=1.65; NA2O=2.64; Li2O=3.94; MgO=6.00; SRO=0.83; ZNO=1.33; P2O5=0.64; GEO2=0.73; ZRO2=2.83; TIO2=6.35; RO=21.47,25.345373327910526,6.843491852389602,,29.00343331939655,0.9380397604553232,0.1985152433458726,False,0.05,0.2,20,5
N-SF15,best_neighbor_mode_b,3159300404867,0.00614700314129647,0.061079822922036606,0.05263157894736842,ill_posed,SIO2=52.57; B2O3=2.60; CAO=1.93; K2O=5.14; NA2O=10.84; BAO=2.33; ZRO2=1.11; TIO2=21.71; RO=4.30,SIO2=37.68; AL2O3=1.99; B2O3=1.43; K2O=2.98; NA2O=20.74; BAO=1.15; P2O5=5.14; GEO2=2.86; ZRO2=0.70; TIO2=24.96,SIO2=49.03; B2O3=1.92; CAO=0.67; K2O=5.02; NA2O=13.70; BAO=1.84; ZRO2=1.47; TIO2=21.88; RO=4.10,SIO2=37.68; AL2O3=1.99; B2O3=1.43; K2O=2.98; NA2O=20.74; BAO=1.15; P2O5=5.14; GEO2=2.86; ZRO2=0.70; TIO2=24.96,27.841982113575508,3.358590422475258,,44.00306607469913,2.687699483869299,0.42270908780599087,False,0.2,0.0,20,2
N-LAK14,best_neighbor_mode_b,2913200382226,0.02228451082520315,0.07160211918801328,0.05263157894736842,ill_posed,B2O3=66.75; CAO=16.50; RO=16.50,SIO2=4.62; B2O3=46.85; CAO=15.15; BAO=4.01; ZNO=2.97; P2O5=5.68; ZRO2=1.42; RO=18.97,SIO2=1.10; AL2O3=0.87; B2O3=65.17; CAO=14.47; MgO=0.63; BAO=0.58; ZNO=2.83; ZRO2=0.88; RO=12.98,SIO2=4.62; B2O3=46.85; CAO=15.15; BAO=4.01; ZNO=2.97; P2O5=5.68; ZRO2=1.42; RO=18.97,28.8455159125201,4.546091958760794,,39.27296933034463,2.812027830858526,0.1985152433458726,True,0.15,0.4,20,2
P-LAK35,best_neighbor_mode_b,3412200408239,0.011081819248639024,0.02769346785961359,0.0,ill_posed,SIO2=13.63; AL2O3=0.89; B2O3=44.44; CAO=4.87; Li2O=12.18; ZNO=8.94; ZRO2=3.69; RO=13.81,SIO2=25.82; B2O3=22.12; CAO=6.58; Li2O=13.71; SRO=7.31; BAO=6.71; ZRO2=1.77; RO=15.49,SIO2=15.53; B2O3=35.95; CAO=5.18; Li2O=11.07; SRO=0.97; BAO=0.75; ZNO=9.83; ZRO2=1.28; RO=19.19,SIO2=25.82; B2O3=22.12; CAO=6.58; Li2O=13.71; SRO=7.31; BAO=6.71; ZRO2=1.77; RO=15.49,9.509382388319127,2.550254275921295,,19.013647669464866,0.5265538406283421,0.0,False,0.0,0.0,20,0
N-LAK9,best_neighbor_mode_b,3693200439340,0.015265126185454995,0.05894779191883587,0.1111111111111111,ill_posed,SIO2=15.56; B2O3=44.30; CAO=15.61; Li2O=0.77; MgO=3.41; BAO=3.40; ZNO=5.85; ZRO2=2.00; RO=28.28,SIO2=5.20; B2O3=46.23; CAO=14.04; Li2O=0.77; MgO=1.09; BAO=2.93; ZNO=2.65; P2O5=3.62; ZRO2=1.78; RO=21.10,SIO2=7.69; B2O3=47.19; CAO=15.28; MgO=1.41; BAO=1.44; ZNO=0.80; ZRO2=2.70; RO=23.11,SIO2=5.20; B2O3=46.23; CAO=14.04; Li2O=0.77; MgO=1.09; BAO=2.93; ZNO=2.65; P2O5=3.62; ZRO2=1.78; RO=21.10,27.22959054252891,4.637836742371909,,34.89104259112403,2.056749918492819,0.1985152433458726,False,0.15,0.0,20,4
LAK9G15,best_neighbor_mode_b,3407200416708,0.02882540033080634,0.0679638379343309,0.05263157894736842,ill_posed,B2O3=55.00; CAO=36.00; RO=36.00,SIO2=5.58; B2O3=44.02; CAO=14.15; MgO=1.14; SRO=0.68; BAO=4.13; ZNO=2.75; P2O5=2.67; ZRO2=1.65; RO=22.86,SIO2=5.29; B2O3=45.38; CAO=16.93; SRO=1.16; BAO=0.62; ZNO=1.44; ZRO2=2.98; RO=25.44,SIO2=5.58; B2O3=44.02; CAO=14.15; MgO=1.14; SRO=0.68; BAO=4.13; ZNO=2.75; P2O5=2.67; ZRO2=1.65; RO=22.86,34.95179535697803,6.979680716826229,,53.649107541132615,3.646199250247027,0.39439769144744274,False,0.05,0.0,20,2
N-SF8,best_neighbor_mode_b,3159300404866,0.011147512831720349,0.06920128422867022,0.0,ill_posed,SIO2=51.47; AL2O3=0.57; B2O3=2.87; CAO=2.59; K2O=5.32; NA2O=11.96; BAO=1.83; ZRO2=1.12; TIO2=20.47; RO=4.45,SIO2=37.96; B2O3=1.35; K2O=5.03; NA2O=22.40; BAO=0.66; P2O5=6.49; TIO2=24.33; RO=1.20,SIO2=50.92; B2O3=2.49; CAO=2.19; K2O=4.36; NA2O=12.66; ZRO2=1.05; TIO2=21.22; RO=4.52,SIO2=37.96; B2O3=1.35; K2O=5.03; NA2O=22.40; BAO=0.66; P2O5=6.49; TIO2=24.33; RO=1.20,16.828193392746723,4.614461741131588,,33.19004530052836,2.2967937584043034,0.3250829733914482,False,0.4,0.2,20,0
N-LAK12,best_neighbor_mode_b,1468700150794,0.04492412931203898,0.06000164396004905,0.0,ill_posed,SIO2=32.09; AL2O3=1.45; B2O3=27.24; BAO=33.58; RO=33.58,SIO2=22.08; AL2O3=0.98; B2O3=27.36; CAO=1.06; Li2O=0.55; BAO=22.73; ZRO2=0.54; RO=24.23,SIO2=21.47; AL2O3=0.86; B2O3=25.68; BAO=26.05; RO=25.74,SIO2=22.08; AL2O3=0.98; B2O3=27.36; CAO=1.06; Li2O=0.55; BAO=22.73; ZRO2=0.54; RO=24.23,5.798834351587778,0.9694918284452425,,65.23714919279854,3.9143361988348992,0.0,False,0.05,0.2,20,0
N-SF5,best_neighbor_mode_b,3691000439116,0.041132232124945246,0.07122343898858144,0.0,ill_posed,P2O5=67.00; FemOn=33.00,SIO2=44.05; B2O3=0.63; CAO=1.11; K2O=9.93; NA2O=3.61; BAO=1.06; P2O5=11.02; TIO2=21.89; RO=1.01; FemOn=5.43,SIO2=55.80; B2O3=0.99; NA2O=15.75; Li2O=0.95; TIO2=24.52; RO=1.13,SIO2=44.05; B2O3=0.63; CAO=1.11; K2O=9.93; NA2O=3.61; BAO=1.06; P2O5=11.02; TIO2=21.89; RO=1.01; FemOn=5.43,10.850842282572287,3.5242893560402933,,33.52131150503951,2.387503084796415,0.1985152433458726,True,0.75,0.6,20,0
SF5,best_neighbor_mode_b,326300110715,0.011579118860023658,0.04152874012442527,0.08108108108108109,ill_posed,SIO2=68.23; K2O=5.50; PBO=26.03; RO=26.03,SIO2=27.07; B2O3=7.88; K2O=3.25; NA2O=11.15; PBO=10.89; Li2O=3.21; BAO=6.61; ZNO=1.07; P2O5=8.44; TIO2=1.40; RO=18.80,SIO2=33.88; K2O=7.02; NA2O=1.01; PBO=13.08; TIO2=6.55; RO=37.29,SIO2=27.07; B2O3=7.88; K2O=3.25; NA2O=11.15; PBO=10.89; Li2O=3.21; BAO=6.61; ZNO=1.07; P2O5=8.44; TIO2=1.40; RO=18.80,30.809571592749002,6.002246344081965,,92.62500277272427,3.8465996691726363,0.7083465777061714,False,0.05,0.0,20,3
N-BAF10,best_neighbor_mode_b,3734500443091,0.02118613830123499,0.03322180720315522,0.0,ill_posed,SIO2=46.17; AL2O3=0.87; B2O3=11.04; CAO=6.62; PBO=2.37; BAO=22.24; ZNO=6.30; TIO2=4.20; RO=37.53,SIO2=28.13; B2O3=10.46; CAO=4.39; PBO=1.21; BAO=13.77; ZNO=9.83; TIO2=2.57; RO=29.12,SIO2=7.12; B2O3=18.65; SRO=0.91; ZNO=35.77; RO=36.79,SIO2=28.13; B2O3=10.46; CAO=4.39; PBO=1.21; BAO=13.77; ZNO=9.83; TIO2=2.57; RO=29.12,8.426005623034715,0.8996907768959986,,25.382185536212344,0.8432420742787615,0.0,False,0.0,0.0,20,0
N-BASF2,best_neighbor_mode_b,2752300358592,0.010019348162976624,0.07712342545492827,0.08108108108108109,ill_posed,SIO2=46.61; AL2O3=5.25; CAO=9.44; MgO=16.19; TIO2=1.93; RO=46.02; FemOn=20.22,SIO2=43.93; AL2O3=1.07; B2O3=8.98; CAO=0.89; NA2O=13.07; BAO=4.32; P2O5=15.94; ZRO2=6.34; RO=4.83,SIO2=59.99; AL2O3=0.58; B2O3=7.66; CAO=2.38; NA2O=15.04; MgO=1.52; BAO=0.70; ZRO2=6.09; TIO2=0.78; RO=4.44,SIO2=43.93; AL2O3=1.07; B2O3=8.98; CAO=0.89; NA2O=13.07; BAO=4.32; P2O5=15.94; ZRO2=6.34; RO=4.83,48.48398651214895,5.592812038758758,,86.42375996580857,6.665296409257651,1.376226604344546,False,0.1,0.2,20,3
N-SSK5,best_neighbor_mode_b,1747700368322,0.020041082282419364,0.07544775615509094,0.05263157894736842,ill_posed,SIO2=47.23; AL2O3=0.86; B2O3=13.92; CAO=5.66; BAO=21.84; ZNO=5.41; TIO2=3.42; RO=32.91,SIO2=29.42; AL2O3=1.45; B2O3=17.13; CAO=1.79; MgO=1.61; BAO=19.16; ZNO=0.67; ZRO2=2.75; TIO2=1.44; RO=24.22,SIO2=31.19; B2O3=17.83; CAO=1.68; BAO=15.87; ZNO=4.10; TIO2=2.11; RO=26.42,SIO2=29.42; AL2O3=1.45; B2O3=17.13; CAO=1.79; MgO=1.61; BAO=19.16; ZNO=0.67; ZRO2=2.75; TIO2=1.44; RO=24.22,26.377012810518377,3.922176775383797,,90.90431490862684,6.858526584671677,0.1985152433458726,False,0.05,0.2,20,2
N-KZFS5,best_neighbor_mode_b,3550300426528,0.008467795455321763,0.07687455595536997,0.02564102564102564,ill_posed,SIO2=50.89; B2O3=12.71; CAO=3.59; NA2O=14.93; ZNO=1.98; ZRO2=10.45; RO=5.57,SIO2=47.14; B2O3=11.14; CAO=2.12; K2O=0.63; NA2O=14.63; Li2O=0.85; ZNO=0.91; P2O5=7.03; ZRO2=6.90; RO=3.86; FemOn=3.46,SIO2=51.54; B2O3=13.28; CAO=1.62; K2O=1.21; NA2O=15.25; Li2O=0.86; ZNO=1.14; ZRO2=9.97; RO=4.57,SIO2=47.14; B2O3=11.14; CAO=2.12; K2O=0.63; NA2O=14.63; Li2O=0.85; ZNO=0.91; P2O5=7.03; ZRO2=6.90; RO=3.86; FemOn=3.46,10.24079383228473,3.224512835261839,,36.004143258810515,2.7678025255745857,0.9958213213455276,True,0.2,0.4,20,1
N-BAF51,best_neighbor_mode_b,2368300190665,0.01176197105514862,0.0533787874415846,0.02564102564102564,ill_posed,SIO2=48.01; B2O3=4.86; CAO=12.14; K2O=0.84; NA2O=8.57; BAO=12.33; ZNO=4.23; ZRO2=2.58; TIO2=6.20; RO=28.69,SIO2=20.11; AL2O3=3.55; CAO=7.40; NA2O=1.99; SRO=1.31; BAO=13.44; ZNO=2.70; P2O5=19.58; GEO2=3.67; ZRO2=1.17; TIO2=1.59; RO=22.79,SIO2=35.38; AL2O3=3.74; B2O3=1.12; CAO=9.82; K2O=0.68; NA2O=6.40; SRO=1.42; BAO=7.39; ZNO=2.59; ZRO2=2.08; TIO2=3.22; RO=25.83,SIO2=20.11; AL2O3=3.55; CAO=7.40; NA2O=1.99; SRO=1.31; BAO=13.44; ZNO=2.70; P2O5=19.58; GEO2=3.67; ZRO2=1.17; TIO2=1.59; RO=22.79,76.70179905477569,14.85239395671058,,111.74567973899993,5.964848886303463,0.7083465777061714,False,0.0,0.0,20,1
N-LAK7,best_neighbor_mode_b,368600010559,0.03533780037209765,0.053556799653739086,0.0,ill_posed,SIO2=7.90; B2O3=51.50; BAO=40.60; RO=40.60,SIO2=18.22; AL2O3=0.69; B2O3=31.08; BAO=24.72; RO=25.29,SIO2=23.82; AL2O3=0.51; B2O3=21.08; BAO=27.13; RO=27.46,SIO2=18.22; AL2O3=0.69; B2O3=31.08; BAO=24.72; RO=25.29,8.576278649964973,2.2141845785600074,,20.77568150824081,1.1126790122067451,0.0,False,0.0,0.0,20,0
N-LAK22,best_neighbor_mode_b,2607200197367,0.027524930542090098,0.08411713189873071,0.02564102564102564,ill_posed,SIO2=53.42; B2O3=16.21; BAO=23.22; ZRO2=2.37; RO=23.22,SIO2=36.66; AL2O3=0.70; B2O3=20.84; BAO=19.38; P2O5=0.56; ZRO2=1.91; RO=19.94,SIO2=45.89; B2O3=10.50; BAO=20.96; ZRO2=1.71; RO=20.62,SIO2=36.66; AL2O3=0.70; B2O3=20.84; BAO=19.38; P2O5=0.56; ZRO2=1.91; RO=19.94,60.60130101685116,9.058864178190891,,86.77061744166434,7.298895472274783,0.8568409950394724,False,0.1,0.0,20,1
N-SF2,best_neighbor_mode_b,3842400455826,0.02131168209258269,0.04212142183620743,0.0,ill_posed,SIO2=46.68; B2O3=6.28; K2O=5.50; NA2O=20.94; TIO2=20.38,SIO2=59.09; B2O3=0.68; K2O=1.23; NA2O=13.58; Li2O=6.02; TIO2=18.45,SIO2=56.53; B2O3=3.45; K2O=2.31; NA2O=17.33; TIO2=20.03,SIO2=59.09; B2O3=0.68; K2O=1.23; NA2O=13.58; Li2O=6.02; TIO2=18.45,4.349617801926127,0.8733744794238012,,9.5340571660436,0.40158804370143886,0.0,True,0.9,0.8,20,0
SF2,best_neighbor_mode_b,326300110714,0.002321680472709644,0.022750221548655518,0.21212121212121213,ill_posed,SIO2=69.20; K2O=7.48; PBO=23.07; RO=23.07,SIO2=31.28; K2O=1.74; NA2O=10.48; PBO=10.15; ZNO=7.27; GEO2=21.80; RO=17.28,SIO2=55.08; K2O=2.90; NA2O=6.61; PBO=18.07; RO=17.14,SIO2=31.28; K2O=1.74; NA2O=10.48; PBO=10.15; ZNO=7.27; GEO2=21.80; RO=17.28,0.9066991998867443,2.1825626416457085,,28.617917885222926,0.6510639721500527,0.1985152433458726,False,0.0,0.0,20,7
N-LAK21,best_neighbor_mode_b,368600010535,0.022969598982113194,0.036102554466920234,0.0,ill_posed,SIO2=33.20; B2O3=32.60; BAO=34.20; RO=34.20,B2O3=47.73; BAO=26.13; RO=26.13,SIO2=9.59; B2O3=35.91; BAO=27.25; RO=27.25,B2O3=47.73; BAO=26.13; RO=26.13,2.3936396445581476,2.3248093350187973,,22.865027534334615,0.8254859019459463,0.0,False,0.0,0.0,20,0
N-KZFS11,best_neighbor_mode_b,4140700486161,0.03371958415149838,0.09395053641589288,0.08108108108108109,ill_posed,Li2O=10.00; SRO=30.00; P2O5=50.00; RO=30.00,SIO2=20.50; AL2O3=1.36; B2O3=22.05; CAO=2.97; K2O=0.52; NA2O=4.39; PBO=1.74; SRO=2.41; BAO=3.76; ZNO=9.25; P2O5=5.54; ZRO2=1.85; TIO2=3.08; RO=20.14,SIO2=37.38; B2O3=8.01; CAO=2.93; K2O=0.86; NA2O=3.92; Li2O=1.00; SRO=4.14; BAO=8.99; P2O5=5.43; ZRO2=4.28; TIO2=1.15; RO=21.35,SIO2=20.50; AL2O3=1.36; B2O3=22.05; CAO=2.97; K2O=0.52; NA2O=4.39; PBO=1.74; SRO=2.41; BAO=3.76; ZNO=9.25; P2O5=5.54; ZRO2=1.85; TIO2=3.08; RO=20.14,55.55607748567596,7.564972718757723,,117.91536559515214,11.078211849340663,1.303450812836454,False,0.0,0.0,20,3
N-SSK20,best_neighbor_mode_b,3607500432640,0.015778836985158293,0.04812531090007278,0.0,ill_posed,SIO2=56.30; K2O=3.01; NA2O=7.40; Li2O=1.88; BAO=4.74; ZNO=20.59; ZRO2=3.14; RO=25.33,SIO2=35.58; B2O3=12.07; CAO=0.58; K2O=1.88; NA2O=5.13; Li2O=2.00; BAO=7.61; ZNO=11.32; ZRO2=1.25; TIO2=0.63; RO=21.33,SIO2=44.88; B2O3=11.99; K2O=2.09; NA2O=6.67; BAO=5.59; ZNO=3.18; ZRO2=1.69; RO=23.26,SIO2=35.58; B2O3=12.07; CAO=0.58; K2O=1.88; NA2O=5.13; Li2O=2.00; BAO=7.61; ZNO=11.32; ZRO2=1.25; TIO2=0.63; RO=21.33,30.009772764341076,4.3735785866161,,84.16810647844301,4.0506162921455,0.0,False,0.05,0.0,20,0
N-SSK2,best_neighbor_mode_b,3709300440820,0.02001650795728036,0.06790596442855554,0.08108108108108109,ill_posed,SIO2=53.03; AL2O3=2.94; B2O3=7.44; CAO=16.59; BAO=13.22; ZNO=2.69; ZRO2=0.67; TIO2=3.39; RO=32.50,SIO2=25.47; AL2O3=1.17; B2O3=15.66; CAO=3.94; NA2O=1.41; Li2O=1.72; MgO=3.63; BAO=11.17; ZNO=1.82; P2O5=4.54; GEO2=6.31; TIO2=1.07; RO=21.62,SIO2=37.14; AL2O3=1.77; B2O3=5.40; K2O=1.39; NA2O=2.27; Li2O=8.41; BAO=15.30; ZNO=0.74; P2O5=2.51; RO=24.13,SIO2=25.47; AL2O3=1.17; B2O3=15.66; CAO=3.94; NA2O=1.41; Li2O=1.72; MgO=3.63; BAO=11.17; ZNO=1.82; P2O5=4.54; GEO2=6.31; TIO2=1.07; RO=21.62,55.241717565277106,4.7938018589207045,,114.26231761566225,7.759092875533476,0.42270908780599087,False,0.15,0.2,20,3
F2G12,best_neighbor_mode_b,992800086979,0.010444769990941495,0.019172358161263656,0.0,ill_posed,SIO2=69.40; K2O=6.30; NA2O=4.71; PBO=19.27; RO=19.27,SIO2=62.63; K2O=9.38; PBO=12.23; Li2O=3.71; RO=12.04,SIO2=60.03; K2O=5.37; NA2O=1.64; PBO=16.36; RO=16.42,SIO2=62.63; K2O=9.38; PBO=12.23; Li2O=3.71; RO=12.04,5.281085331074105,0.9716161974384538,,6.442384222048596,0.1235156977175896,0.0,False,0.0,0.0,20,0
N-SK16,best_neighbor_mode_b,957100088185,0.001524222635551186,0.040042582066784176,0.05263157894736842,ill_posed,SIO2=44.06; AL2O3=1.59; B2O3=24.92; BAO=28.35; RO=28.79,SIO2=31.33; AL2O3=1.07; B2O3=22.94; BAO=21.73; RO=22.00,SIO2=35.56; AL2O3=0.88; B2O3=19.74; BAO=21.66; RO=21.66,SIO2=31.33; AL2O3=1.07; B2O3=22.94; BAO=21.73; RO=22.00,18.773977619077552,3.0995120057417895,,29.585256769292766,1.1846700721512877,0.3250829733914482,False,0.0,0.0,20,2
N-F2,best_neighbor_mode_b,1647200158848,0.02067157655144129,0.05477802825657816,0.02564102564102564,ill_posed,SIO2=60.00; NA2O=12.50; Li2O=12.50; TIO2=15.00,SIO2=38.06; AL2O3=3.83; B2O3=11.25; CAO=13.00; K2O=1.30; NA2O=5.45; Li2O=5.27; TIO2=8.74; RO=13.00,SIO2=62.28; NA2O=14.73; Li2O=5.48; TIO2=16.36,SIO2=38.06; AL2O3=3.83; B2O3=11.25; CAO=13.00; K2O=1.30; NA2O=5.45; Li2O=5.27; TIO2=8.74; RO=13.00,25.451042567646006,6.326735040831569,,83.85023066395034,4.593150304630468,0.5623351446188083,True,0.75,1.0,20,1
F2,best_neighbor_mode_b,992800086979,0.006811194648083648,0.017617122933676545,0.0,ill_posed,SIO2=69.40; K2O=6.30; NA2O=4.71; PBO=19.27; RO=19.27,SIO2=59.75; K2O=6.72; NA2O=2.09; PBO=14.22; Li2O=2.96; RO=14.22,SIO2=59.68; K2O=3.10; NA2O=5.83; PBO=15.60; RO=15.67,SIO2=59.75; K2O=6.72; NA2O=2.09; PBO=14.22; Li2O=2.96; RO=14.22,5.123645930608412,0.8399345441535805,,6.4102783104842755,0.11293066103488186,0.0,False,0.0,0.0,20,0
F2HT,best_neighbor_mode_b,992800086979,0.006811194648083648,0.017617122933676545,0.0,ill_posed,SIO2=69.40; K2O=6.30; NA2O=4.71; PBO=19.27; RO=19.27,SIO2=59.75; K2O=6.72; NA2O=2.09; PBO=14.22; Li2O=2.96; RO=14.22,SIO2=59.68; K2O=3.10; NA2O=5.83; PBO=15.60; RO=15.67,SIO2=59.75; K2O=6.72; NA2O=2.09; PBO=14.22; Li2O=2.96; RO=14.22,5.123645930608412,0.8399345441535805,,6.4102783104842755,0.11293066103488186,0.0,False,0.0,0.0,20,0
F2HTi,best_neighbor_mode_b,992800086979,0.006811194648083648,0.017617122933676545,0.0,ill_posed,SIO2=69.40; K2O=6.30; NA2O=4.71; PBO=19.27; RO=19.27,SIO2=59.75; K2O=6.72; NA2O=2.09; PBO=14.22; Li2O=2.96; RO=14.22,SIO2=59.68; K2O=3.10; NA2O=5.83; PBO=15.60; RO=15.67,SIO2=59.75; K2O=6.72; NA2O=2.09; PBO=14.22; Li2O=2.96; RO=14.22,5.123645930608412,0.8399345441535805,,6.4102783104842755,0.11293066103488186,0.0,False,0.0,0.0,20,0
N-PSK53A,best_neighbor_mode_b,612200111163,0.030427180893836732,0.04924270955253388,0.0,ill_posed,B2O3=20.62; MgO=19.77; BAO=32.03; P2O5=25.71; RO=51.80,SIO2=1.83; AL2O3=1.99; B2O3=4.07; BAO=13.21; P2O5=26.37; GEO2=39.20; RO=13.27,SIO2=21.11; B2O3=28.89; BAO=24.21; P2O5=1.30; RO=24.24,SIO2=1.83; AL2O3=1.99; B2O3=4.07; BAO=13.21; P2O5=26.37; GEO2=39.20; RO=13.27,18.41099415574616,8.162156852344367,,85.91692825557286,4.230782343735066,0.7909873504355756,False,0.05,0.0,20,0
N-SSK8,best_neighbor_mode_b,425800060035,0.030337745659687686,0.08087369585862252,0.02564102564102564,ill_posed,SIO2=18.86; NA2O=24.84; GEO2=39.68; ZRO2=15.89,SIO2=38.89; AL2O3=1.96; B2O3=7.08; CAO=0.82; K2O=2.40; NA2O=2.85; SRO=3.03; BAO=7.12; ZNO=8.15; P2O5=4.68; GEO2=0.62; ZRO2=1.86; TIO2=1.42; RO=19.13,SIO2=40.96; B2O3=5.46; CAO=0.72; K2O=2.17; NA2O=3.65; BAO=11.09; ZNO=4.63; P2O5=6.55; ZRO2=2.16; TIO2=2.17; RO=19.17,SIO2=38.89; AL2O3=1.96; B2O3=7.08; CAO=0.82; K2O=2.40; NA2O=2.85; SRO=3.03; BAO=7.12; ZNO=8.15; P2O5=4.68; GEO2=0.62; ZRO2=1.86; TIO2=1.42; RO=19.13,90.82028157945278,9.78531682532806,,127.06043973456853,10.27584735875633,0.9989315046035592,True,0.1,0.2,20,1
N-KZFS4,best_neighbor_mode_b,1213900137238,0.027123963515236545,0.058308403250571295,0.02564102564102564,ill_posed,AL2O3=12.00; B2O3=65.00; CAO=10.00; PBO=9.00; ZRO2=1.00; TIO2=3.00; RO=19.00,SIO2=15.60; AL2O3=4.31; B2O3=27.24; CAO=3.20; K2O=1.63; NA2O=3.96; PBO=2.69; Li2O=8.40; BAO=0.67; ZNO=2.44; P2O5=4.64; GEO2=12.59; ZRO2=2.10; TIO2=1.10; RO=9.21,SIO2=9.01; AL2O3=5.17; B2O3=43.20; CAO=2.02; K2O=2.29; NA2O=0.85; PBO=2.93; Li2O=16.37; P2O5=5.97; ZRO2=1.57; TIO2=3.82; RO=5.93,SIO2=15.60; AL2O3=4.31; B2O3=27.24; CAO=3.20; K2O=1.63; NA2O=3.96; PBO=2.69; Li2O=8.40; BAO=0.67; ZNO=2.44; P2O5=4.64; GEO2=12.59; ZRO2=2.10; TIO2=1.10; RO=9.21,95.20600182025763,16.62250540089524,,121.90883977739807,7.108309789549813,0.9142855814670989,False,0.1,0.2,20,1
N-SK4,best_neighbor_mode_b,3526400424306,0.01429836110073262,0.03561061946826924,0.02564102564102564,ill_posed,SIO2=47.56; AL2O3=7.23; B2O3=15.89; BAO=28.86; RO=28.86,SIO2=34.03; AL2O3=3.07; B2O3=10.14; BAO=19.58; P2O5=13.69; RO=18.80,SIO2=38.32; AL2O3=3.82; B2O3=12.31; BAO=21.67; P2O5=0.62; RO=22.62,SIO2=34.03; AL2O3=3.07; B2O3=10.14; BAO=19.58; P2O5=13.69; RO=18.80,25.746646979526606,2.7468957851086637,,66.23471512322989,2.3586592358425573,0.7305880613711224,False,0.0,0.0,20,1
P-SK60,best_neighbor_mode_b,765400068691,0.04374380572083036,0.0613827970543598,0.0,ill_posed,SIO2=33.75; AL2O3=4.59; B2O3=23.12; CAO=19.26; MgO=12.25; BAO=3.31; ZRO2=1.22; RO=34.82,SIO2=33.39; AL2O3=1.20; B2O3=23.00; CAO=5.97; K2O=1.10; NA2O=0.91; Li2O=10.42; MgO=0.60; BAO=4.82; GEO2=4.43; ZRO2=1.64; RO=11.84,SIO2=37.80; AL2O3=0.65; B2O3=22.54; CAO=5.71; K2O=3.41; Li2O=16.05; BAO=1.16; ZRO2=1.01; RO=11.06,SIO2=33.39; AL2O3=1.20; B2O3=23.00; CAO=5.97; K2O=1.10; NA2O=0.91; Li2O=10.42; MgO=0.60; BAO=4.82; GEO2=4.43; ZRO2=1.64; RO=11.84,15.890034767304721,3.8303054539029224,,30.152260053300168,1.8508300595820042,0.1985152433458726,False,0.1,0.2,20,0
N-BAF52,best_neighbor_mode_b,2368500190683,0.003946795981243687,0.05740054316948053,0.02564102564102564,ill_posed,SIO2=57.12; AL2O3=2.11; B2O3=11.83; K2O=3.10; NA2O=4.97; BAO=12.85; TIO2=7.80; RO=12.99,SIO2=49.26; B2O3=10.46; CAO=1.28; K2O=1.58; NA2O=8.14; Li2O=3.26; SRO=0.74; BAO=6.75; GEO2=1.93; ZRO2=5.67; TIO2=2.54; RO=8.14,SIO2=54.23; AL2O3=0.86; B2O3=9.51; K2O=2.42; NA2O=4.82; BAO=8.82; ZRO2=1.45; TIO2=5.22; RO=11.97,SIO2=49.26; B2O3=10.46; CAO=1.28; K2O=1.58; NA2O=8.14; Li2O=3.26; SRO=0.74; BAO=6.75; GEO2=1.93; ZRO2=5.67; TIO2=2.54; RO=8.14,48.53821124363414,11.314773199244822,,71.41288533631044,4.099138407604051,0.8864644756797975,False,0.1,0.2,20,1
N-SK2,best_neighbor_mode_b,3532400424919,0.005717351395152869,0.03770357851699764,0.0,ill_posed,SIO2=56.91; AL2O3=2.12; B2O3=7.44; BAO=23.71; ZNO=9.76; RO=33.47,SIO2=44.77; AL2O3=3.18; B2O3=9.52; NA2O=2.27; MgO=0.59; BAO=16.90; ZNO=2.28; ZRO2=0.59; RO=19.79,SIO2=43.45; AL2O3=1.73; B2O3=5.45; BAO=18.35; ZNO=6.51; RO=24.37,SIO2=44.77; AL2O3=3.18; B2O3=9.52; NA2O=2.27; MgO=0.59; BAO=16.90; ZNO=2.28; ZRO2=0.59; RO=19.79,10.697464422612759,2.5176048249237617,,26.666492519801363,1.0054221944932609,0.42270908780599087,False,0.05,0.0,20,0
N-SK2HT,best_neighbor_mode_b,3532400424919,0.005717351395152869,0.03770357851699764,0.0,ill_posed,SIO2=56.91; AL2O3=2.12; B2O3=7.44; BAO=23.71; ZNO=9.76; RO=33.47,SIO2=44.77; AL2O3=3.18; B2O3=9.52; NA2O=2.27; MgO=0.59; BAO=16.90; ZNO=2.28; ZRO2=0.59; RO=19.79,SIO2=43.45; AL2O3=1.73; B2O3=5.45; BAO=18.35; ZNO=6.51; RO=24.37,SIO2=44.77; AL2O3=3.18; B2O3=9.52; NA2O=2.27; MgO=0.59; BAO=16.90; ZNO=2.28; ZRO2=0.59; RO=19.79,10.697464422612759,2.5176048249237617,,26.666492519801363,1.0054221944932609,0.42270908780599087,False,0.05,0.0,20,0
N-BAF4,best_neighbor_mode_b,2372500190769,0.00714159330678718,0.05708203718987178,0.02564102564102564,ill_posed,AL2O3=1.70; CAO=12.33; K2O=4.61; NA2O=8.12; Li2O=23.16; ZNO=12.73; P2O5=30.58; TIO2=5.41; RO=25.07,SIO2=55.62; AL2O3=1.10; B2O3=7.54; K2O=4.12; NA2O=7.06; BAO=7.31; TIO2=9.24; RO=7.55,SIO2=36.22; AL2O3=1.01; B2O3=3.74; CAO=3.56; K2O=3.61; NA2O=7.18; Li2O=6.91; BAO=4.98; ZNO=3.25; P2O5=9.60; TIO2=6.83; RO=12.79,SIO2=55.62; AL2O3=1.10; B2O3=7.54; K2O=4.12; NA2O=7.06; BAO=7.31; TIO2=9.24; RO=7.55,85.86869775129988,15.997941917073135,,98.33736676549533,5.613297226862065,1.0104127537805414,False,0.3,0.0,20,1
F5,best_neighbor_mode_b,322100110710,0.007026195246380063,0.034759557335192655,0.0,ill_posed,SIO2=74.30; K2O=5.32; NA2O=2.36; PBO=17.79; RO=17.79,SIO2=55.22; AL2O3=0.80; B2O3=1.82; K2O=4.35; NA2O=2.89; PBO=12.53; ZNO=2.47; P2O5=4.93; RO=15.00,SIO2=67.89; AL2O3=0.59; K2O=5.67; NA2O=1.58; PBO=7.46; RO=16.58,SIO2=55.22; AL2O3=0.80; B2O3=1.82; K2O=4.35; NA2O=2.89; PBO=12.53; ZNO=2.47; P2O5=4.93; RO=15.00,15.828918767196132,2.159875966913898,,22.95555872133469,0.7979250595356149,0.39439769144744274,False,0.0,0.0,20,0
N-SK14,best_neighbor_mode_b,198700110656,0.005733947809383888,0.03684760508880967,0.02564102564102564,ill_posed,SIO2=51.29; AL2O3=3.39; B2O3=19.25; NA2O=0.70; BAO=25.28; RO=25.28,SIO2=39.77; AL2O3=3.05; B2O3=12.62; CAO=1.00; NA2O=2.56; BAO=17.90; P2O5=3.53; ZRO2=0.60; RO=18.92,SIO2=41.48; AL2O3=2.64; B2O3=13.35; BAO=20.92; RO=21.17,SIO2=39.77; AL2O3=3.05; B2O3=12.62; CAO=1.00; NA2O=2.56; BAO=17.90; P2O5=3.53; ZRO2=0.60; RO=18.92,70.79342365782749,13.57654942943795,,90.32739424453223,3.3283481518237434,0.5623351446188083,False,0.05,0.0,20,1
LF5G19,best_neighbor_mode_b,239200032573,0.02738328139216823,0.054163220965637804,0.0,ill_posed,SIO2=71.40; K2O=14.24; PBO=14.23; RO=14.23,SIO2=47.97; AL2O3=1.12; B2O3=4.47; CAO=0.94; K2O=6.63; NA2O=4.77; PBO=6.41; Li2O=1.21; MgO=0.89; BAO=2.41; GEO2=11.37; RO=11.13,SIO2=34.55; B2O3=4.39; K2O=6.59; NA2O=1.40; PBO=7.62; GEO2=35.75; RO=9.43,SIO2=47.97; AL2O3=1.12; B2O3=4.47; CAO=0.94; K2O=6.63; NA2O=4.77; PBO=6.41; Li2O=1.21; MgO=0.89; BAO=2.41; GEO2=11.37; RO=11.13,26.368792225415056,5.624641471212795,,47.85777941306471,2.592131481274576,1.165524439934698,False,0.05,0.0,20,0
N-SK5,best_neighbor_mode_b,1540800132607,0.0004311831133432213,0.024212258989895822,0.08108108108108109,ill_posed,SIO2=54.83; AL2O3=4.17; B2O3=18.22; BAO=22.26; RO=22.26,SIO2=44.37; AL2O3=3.06; B2O3=15.40; BAO=18.27; RO=18.47,SIO2=44.86; AL2O3=3.31; B2O3=15.04; BAO=18.25; RO=18.26,SIO2=44.37; AL2O3=3.06; B2O3=15.40; BAO=18.27; RO=18.47,0.41010627859661386,0.1157211361644948,,0.6931711928174698,0.016783240444831593,0.0,False,0.0,0.0,20,3
N-SK5HTi,best_neighbor_mode_b,1540800132607,0.0004311831133432213,0.024212258989895822,0.08108108108108109,ill_posed,SIO2=54.83; AL2O3=4.17; B2O3=18.22; BAO=22.26; RO=22.26,SIO2=44.37; AL2O3=3.06; B2O3=15.40; BAO=18.27; RO=18.47,SIO2=44.86; AL2O3=3.31; B2O3=15.04; BAO=18.25; RO=18.26,SIO2=44.37; AL2O3=3.06; B2O3=15.40; BAO=18.27; RO=18.47,0.41010627859661386,0.1157211361644948,,0.6931711928174698,0.016783240444831593,0.0,False,0.0,0.0,20,3
P-SK57,best_neighbor_mode_b,3110100402632,0.012505429157548474,0.02972450930977195,0.0,ill_posed,SIO2=49.77; AL2O3=2.39; B2O3=14.98; NA2O=3.37; Li2O=15.13; SRO=1.01; BAO=11.34; ZNO=1.71; RO=14.06,SIO2=44.45; AL2O3=2.14; B2O3=11.83; CAO=0.74; NA2O=2.94; Li2O=12.61; SRO=1.08; BAO=9.85; ZNO=1.23; RO=12.89,SIO2=44.69; AL2O3=2.03; B2O3=12.13; NA2O=2.27; Li2O=13.36; SRO=0.79; BAO=9.78; ZNO=1.92; RO=12.43,SIO2=44.45; AL2O3=2.14; B2O3=11.83; CAO=0.74; NA2O=2.94; Li2O=12.61; SRO=1.08; BAO=9.85; ZNO=1.23; RO=12.89,1.5565961738560101,0.3540397379266446,,5.251297631754793,0.15609224534347874,0.0,False,0.0,0.0,20,0
LF5,best_neighbor_mode_b,312200110701,0.01605872473475811,0.03303378618011098,0.0,ill_posed,SIO2=75.72; B2O3=0.78; K2O=9.16; PBO=14.12; RO=14.12,SIO2=60.34; B2O3=1.25; K2O=4.87; NA2O=8.56; PBO=8.91; Li2O=2.37; GEO2=4.77; RO=8.92,SIO2=67.22; K2O=7.58; NA2O=9.81; PBO=7.51; RO=7.18,SIO2=60.34; B2O3=1.25; K2O=4.87; NA2O=8.56; PBO=8.91; Li2O=2.37; GEO2=4.77; RO=8.92,21.02629474317598,3.438883530900347,,40.85165232150776,1.3494847478929215,0.1985152433458726,False,0.05,0.0,20,0
LF5HTi,best_neighbor_mode_b,312200110701,0.015157207202068925,0.03283520888936068,0.0,ill_posed,SIO2=75.72; B2O3=0.78; K2O=9.16; PBO=14.12; RO=14.12,SIO2=60.22; B2O3=1.29; K2O=4.83; NA2O=8.60; PBO=8.88; Li2O=2.35; GEO2=4.93; RO=8.88,SIO2=66.99; K2O=7.40; NA2O=9.80; PBO=7.58; RO=7.79,SIO2=60.22; B2O3=1.29; K2O=4.83; NA2O=8.60; PBO=8.88; Li2O=2.35; GEO2=4.93; RO=8.88,21.02629474317598,3.806136200211375,,40.85165232150776,1.3413725374522434,0.1985152433458726,False,0.05,0.0,20,0
N-BALF4,best_neighbor_mode_b,2404700191862,0.010465475925958222,0.04692289968609627,0.0,ill_posed,SIO2=61.85; B2O3=5.17; K2O=3.90; NA2O=3.02; BAO=9.82; ZNO=14.08; TIO2=1.59; RO=23.91,SIO2=39.64; AL2O3=1.14; B2O3=3.57; CAO=0.57; K2O=4.75; NA2O=4.45; SRO=1.98; BAO=9.28; ZNO=3.48; P2O5=11.62; GEO2=1.81; TIO2=1.89; RO=15.34,SIO2=44.11; B2O3=5.40; K2O=0.51; NA2O=12.69; SRO=10.83; BAO=1.25; P2O5=1.13; TIO2=0.89; RO=22.39,SIO2=39.64; AL2O3=1.14; B2O3=3.57; CAO=0.57; K2O=4.75; NA2O=4.45; SRO=1.98; BAO=9.28; ZNO=3.48; P2O5=11.62; GEO2=1.81; TIO2=1.89; RO=15.34,63.826104455460595,17.38763224517866,,91.79015354206147,4.307060166825525,1.070047314690476,False,0.05,0.2,20,0
N-BAK1,best_neighbor_mode_b,198700110651,0.0066836375728045894,0.018295880751047787,0.25,ill_posed,SIO2=65.89; B2O3=4.88; K2O=4.72; BAO=15.12; ZNO=9.20; RO=24.32,SIO2=49.27; B2O3=5.09; K2O=5.57; BAO=9.64; ZNO=10.18; RO=19.82,SIO2=51.76; B2O3=3.67; K2O=4.91; NA2O=0.58; BAO=11.90; ZNO=7.62; RO=19.41,SIO2=49.27; B2O3=5.09; K2O=5.57; BAO=9.64; ZNO=10.18; RO=19.82,0.2305376287918216,0.1269262145124638,,1.4766111167397733,0.027015900907542394,0.1985152433458726,False,0.0,0.0,20,8
N-BAK4,best_neighbor_mode_b,2404700191863,0.009894638702351098,0.0377221844475667,0.02564102564102564,ill_posed,SIO2=63.50; B2O3=6.35; K2O=3.91; NA2O=4.75; BAO=9.61; ZNO=10.14; TIO2=1.20; RO=19.74,SIO2=44.99; B2O3=6.71; CAO=1.09; K2O=2.50; NA2O=3.40; SRO=6.25; BAO=3.72; ZNO=7.13; P2O5=5.46; RO=18.38,SIO2=55.18; B2O3=3.20; K2O=2.38; NA2O=7.51; SRO=2.88; BAO=3.94; ZNO=5.73; P2O5=0.68; RO=18.29,SIO2=44.99; B2O3=6.71; CAO=1.09; K2O=2.50; NA2O=3.40; SRO=6.25; BAO=3.72; ZNO=7.13; P2O5=5.46; RO=18.38,65.56905731543863,20.680136411911622,,84.52056105677529,3.1883001937955004,0.8864644756797975,False,0.0,0.0,20,1
N-BAK4HT,best_neighbor_mode_b,2404700191863,0.009894638702351098,0.0377221844475667,0.02564102564102564,ill_posed,SIO2=63.50; B2O3=6.35; K2O=3.91; NA2O=4.75; BAO=9.61; ZNO=10.14; TIO2=1.20; RO=19.74,SIO2=44.99; B2O3=6.71; CAO=1.09; K2O=2.50; NA2O=3.40; SRO=6.25; BAO=3.72; ZNO=7.13; P2O5=5.46; RO=18.38,SIO2=55.18; B2O3=3.20; K2O=2.38; NA2O=7.51; SRO=2.88; BAO=3.94; ZNO=5.73; P2O5=0.68; RO=18.29,SIO2=44.99; B2O3=6.71; CAO=1.09; K2O=2.50; NA2O=3.40; SRO=6.25; BAO=3.72; ZNO=7.13; P2O5=5.46; RO=18.38,65.56905731543863,20.680136411911622,,84.52056105677529,3.1883001937955004,0.8864644756797975,False,0.0,0.0,20,1
N-SK11,best_neighbor_mode_b,197800110650,0.030632368952032564,0.05094753137564591,0.0,ill_posed,SIO2=65.56; AL2O3=1.92; B2O3=10.13; K2O=4.16; NA2O=1.26; BAO=15.07; ZNO=1.63; RO=16.70,SIO2=41.68; AL2O3=1.79; B2O3=5.23; CAO=1.14; NA2O=6.80; Li2O=2.62; SRO=1.71; BAO=2.74; ZNO=2.50; P2O5=25.06; RO=8.10,SIO2=81.20; B2O3=3.59; CAO=0.71; NA2O=1.34; SRO=0.57; P2O5=7.03; RO=4.76,SIO2=41.68; AL2O3=1.79; B2O3=5.23; CAO=1.14; NA2O=6.80; Li2O=2.62; SRO=1.71; BAO=2.74; ZNO=2.50; P2O5=25.06; RO=8.10,89.17121702646514,6.370731799337563,,151.75846031659117,7.731718918499243,1.0486537893593546,False,0.0,0.0,20,0
N-KZFS2,best_neighbor_mode_b,2484100195669,0.012091356270579967,0.05026465974809187,0.0,ill_posed,SIO2=19.32; AL2O3=7.11; B2O3=53.69; CAO=4.77; K2O=0.65; NA2O=1.79; Li2O=4.47; ZNO=4.36; ZRO2=1.58; RO=9.13,SIO2=29.44; AL2O3=3.06; B2O3=31.90; CAO=5.20; K2O=0.84; NA2O=7.51; Li2O=9.47; ZNO=1.61; GEO2=0.65; TIO2=1.51; RO=7.65,SIO2=19.60; AL2O3=2.87; B2O3=47.38; CAO=4.02; NA2O=0.86; Li2O=18.87; RO=5.39,SIO2=29.44; AL2O3=3.06; B2O3=31.90; CAO=5.20; K2O=0.84; NA2O=7.51; Li2O=9.47; ZNO=1.61; GEO2=0.65; TIO2=1.51; RO=7.65,72.5173867099663,22.950051324977604,,98.09299451472579,4.930610992954134,0.6128694524619495,False,0.35,0.0,20,0
N-PSK3,best_neighbor_mode_b,603600093359,0.02302068593989478,0.059319414101472255,0.0,ill_posed,B2O3=66.80; K2O=14.96; BAO=17.95; RO=17.95,SIO2=20.18; AL2O3=1.06; B2O3=11.96; K2O=3.31; NA2O=3.29; MgO=1.81; SRO=3.02; BAO=4.59; P2O5=39.36; RO=10.42,B2O3=15.05; K2O=4.54; PBO=0.51; MgO=2.14; BAO=16.39; P2O5=44.40; RO=16.40,SIO2=20.18; AL2O3=1.06; B2O3=11.96; K2O=3.31; NA2O=3.29; MgO=1.81; SRO=3.02; BAO=4.59; P2O5=39.36; RO=10.42,67.07563071857574,18.95469961088345,,192.31772942746431,11.408175030962653,0.9489154358953991,False,0.05,0.2,20,0
LLF1HTi,best_neighbor_mode_b,1581700155422,0.0004975406332863385,0.03822704938933003,0.02564102564102564,ill_posed,SIO2=78.07; K2O=6.64; NA2O=5.68; PBO=9.56; RO=9.56,SIO2=29.68; AL2O3=0.77; B2O3=5.20; K2O=1.24; NA2O=6.94; PBO=1.86; SRO=9.83; P2O5=31.77; ZRO2=0.73; RO=11.68,SIO2=65.41; K2O=5.04; NA2O=11.96; PBO=2.13; P2O5=10.37; RO=4.59,SIO2=29.68; AL2O3=0.77; B2O3=5.20; K2O=1.24; NA2O=6.94; PBO=1.86; SRO=9.83; P2O5=31.77; ZRO2=0.73; RO=11.68,20.85920493778059,4.832872670494914,,72.85125043783927,2.784888348561733,0.639031859650177,False,0.0,0.0,20,1
LLF1,best_neighbor_mode_b,211300030097,0.003458140357073703,0.03650197563249978,0.0,ill_posed,SIO2=75.53; NA2O=15.03; PBO=8.68; RO=9.13,SIO2=33.57; AL2O3=0.80; B2O3=5.51; K2O=1.87; NA2O=4.49; PBO=2.38; Li2O=2.77; SRO=6.66; P2O5=31.99; ZRO2=0.78; RO=9.03,SIO2=55.10; K2O=7.12; NA2O=8.06; PBO=4.23; P2O5=18.78; RO=6.08,SIO2=33.57; AL2O3=0.80; B2O3=5.51; K2O=1.87; NA2O=4.49; PBO=2.38; Li2O=2.77; SRO=6.66; P2O5=31.99; ZRO2=0.78; RO=9.03,26.51023998825873,4.929920924392338,,84.58070419286675,3.087362803427694,0.7305880613711224,False,0.0,0.0,20,0
N-BALF5,best_neighbor_mode_b,1176300048511,0.014946144691744071,0.04214257929016131,0.0,ill_posed,SIO2=5.00; AL2O3=17.50; B2O3=57.00; CAO=8.00; PBO=5.00; RO=13.00,SIO2=41.39; AL2O3=3.75; B2O3=17.22; CAO=8.95; K2O=0.66; NA2O=11.39; Li2O=1.69; BAO=1.16; P2O5=1.40; RO=10.76,SIO2=29.87; AL2O3=8.71; B2O3=34.48; CAO=7.65; NA2O=9.43; BAO=0.83; RO=8.49,SIO2=41.39; AL2O3=3.75; B2O3=17.22; CAO=8.95; K2O=0.66; NA2O=11.39; Li2O=1.69; BAO=1.16; P2O5=1.40; RO=10.76,58.29746852803035,9.919355884758732,,78.29720427502684,3.299646139358276,0.8237197315118312,False,0.1,0.2,20,0
N-BAK2,best_neighbor_mode_b,197800110647,0.0037362377783743414,0.042383890346624556,0.0,ill_posed,SIO2=71.93; B2O3=3.20; K2O=7.62; NA2O=3.48; BAO=9.17; ZNO=4.42; RO=13.59,SIO2=51.44; AL2O3=1.96; B2O3=1.28; K2O=4.55; NA2O=7.05; MgO=1.51; SRO=2.37; BAO=6.40; ZNO=2.12; P2O5=7.74; RO=12.92,SIO2=62.24; AL2O3=1.11; B2O3=2.27; K2O=5.67; NA2O=6.38; BAO=6.74; ZNO=2.93; P2O5=0.94; RO=10.75,SIO2=51.44; AL2O3=1.96; B2O3=1.28; K2O=4.55; NA2O=7.05; MgO=1.51; SRO=2.37; BAO=6.40; ZNO=2.12; P2O5=7.74; RO=12.92,59.11328940170314,18.613236501543312,,74.01253922535629,3.13693934680275,0.639031859650177,False,0.1,0.0,20,0
N-PK51,best_neighbor_mode_b,3133200402767,0.04617423120601536,0.10948613168565739,0.0,ill_posed,P2O5=25.00,BAO=28.51; P2O5=46.42; RO=25.08,AL2O3=0.57; BAO=1.59; ZNO=0.61; P2O5=85.61; RO=10.86,BAO=28.51; P2O5=46.42; RO=25.08,9.765201732549208,2.485008524116025,,24.675092072288393,2.7015803799822877,0.1985152433458726,False,0.0,0.0,20,0
N-KF9,best_neighbor_mode_b,228200110677,0.027477007738052034,0.044223007560588765,0.0,ill_posed,SIO2=73.93; AL2O3=1.83; B2O3=0.56; K2O=8.59; PBO=1.75; TIO2=4.02; RO=1.75,SIO2=57.29; AL2O3=2.72; B2O3=4.54; CAO=1.92; K2O=2.72; NA2O=13.78; Li2O=8.35; P2O5=4.79; TIO2=1.77; RO=2.01,SIO2=69.88; AL2O3=3.15; CAO=0.52; K2O=1.57; NA2O=19.40; TIO2=4.62; RO=0.52,SIO2=57.29; AL2O3=2.72; B2O3=4.54; CAO=1.92; K2O=2.72; NA2O=13.78; Li2O=8.35; P2O5=4.79; TIO2=1.77; RO=2.01,41.13666158747192,9.65603262606281,,70.1092887467393,3.1004436063145526,0.8556886672556694,False,0.55,0.2,20,0
K5G20,best_neighbor_mode_b,3910000462095,0.016474694097500183,0.027590073092248552,0.0,ill_posed,SIO2=62.49; AL2O3=0.58; B2O3=0.85; K2O=1.07; NA2O=13.64; PBO=2.23; Li2O=18.01; MgO=0.73; RO=3.32,SIO2=61.52; AL2O3=0.77; B2O3=8.47; CAO=1.67; K2O=5.83; NA2O=11.34; PBO=0.72; Li2O=3.36; SRO=0.76; ZNO=0.57; GEO2=1.16; RO=3.45,SIO2=58.81; CAO=5.62; K2O=1.00; NA2O=13.60; PBO=1.23; Li2O=6.60; MgO=2.15; RO=10.22,SIO2=61.52; AL2O3=0.77; B2O3=8.47; CAO=1.67; K2O=5.83; NA2O=11.34; PBO=0.72; Li2O=3.36; SRO=0.76; ZNO=0.57; GEO2=1.16; RO=3.45,27.82062505499458,5.282339136415822,,41.789400117607116,1.1529726037260006,0.6128694524619495,False,0.05,0.0,20,0
N-K5,best_neighbor_mode_b,997700097110,0.011964767428141102,0.026024788583281555,0.02564102564102564,ill_posed,CAO=30.00; MgO=20.00; P2O5=50.00; RO=50.00,SIO2=47.20; AL2O3=2.12; B2O3=1.38; CAO=6.14; K2O=3.13; NA2O=6.55; Li2O=1.11; MgO=4.01; BAO=0.58; ZNO=1.46; P2O5=13.34; RO=12.73,SIO2=50.45; AL2O3=3.08; B2O3=2.41; CAO=10.42; K2O=2.16; NA2O=5.88; MgO=2.30; ZNO=1.79; P2O5=3.79; RO=17.23,SIO2=47.20; AL2O3=2.12; B2O3=1.38; CAO=6.14; K2O=3.13; NA2O=6.55; Li2O=1.11; MgO=4.01; BAO=0.58; ZNO=1.46; P2O5=13.34; RO=12.73,91.57809698575859,23.749260983557743,,146.0496762873564,3.8009119480351594,0.6730116670092565,False,0.15,0.0,20,1
BK7G18,best_neighbor_mode_b,4028100474515,0.008592712925065662,0.02510244959879899,0.0,ill_posed,SIO2=65.09; AL2O3=8.02; NA2O=14.91; Li2O=2.00; MgO=7.96; ZRO2=1.99; RO=7.96,SIO2=62.60; AL2O3=1.80; B2O3=11.86; K2O=4.65; NA2O=13.20; MgO=1.91; RO=2.48,SIO2=65.28; B2O3=15.00; K2O=0.89; NA2O=15.75; RO=2.27,SIO2=62.60; AL2O3=1.80; B2O3=11.86; K2O=4.65; NA2O=13.20; MgO=1.91; RO=2.48,7.479272988645204,1.2983173179303202,,16.003380508940946,0.40172405263609223,0.6128694524619495,False,0.6,0.8,20,0
N-BK7,best_neighbor_mode_b,3223200406889,0.006367723174696942,0.013503209421255474,0.0,ill_posed,SIO2=70.98; AL2O3=1.00; B2O3=13.00; CAO=3.00; NA2O=10.00; BAO=2.00; RO=5.00,SIO2=64.75; AL2O3=2.30; B2O3=6.21; CAO=2.91; K2O=2.25; NA2O=11.28; MgO=2.20; SRO=0.61; BAO=0.54; RO=6.49,SIO2=65.91; AL2O3=0.76; B2O3=11.91; CAO=3.06; K2O=3.66; NA2O=10.52; BAO=1.14; RO=2.71,SIO2=64.75; AL2O3=2.30; B2O3=6.21; CAO=2.91; K2O=2.25; NA2O=11.28; MgO=2.20; SRO=0.61; BAO=0.54; RO=6.49,28.50064806253207,1.485364142731925,,56.26165078883198,0.7597128529871414,0.8237197315118312,False,0.25,0.2,20,0
N-BK7HT,best_neighbor_mode_b,3223200406889,0.006367723174696942,0.013503209421255474,0.0,ill_posed,SIO2=70.98; AL2O3=1.00; B2O3=13.00; CAO=3.00; NA2O=10.00; BAO=2.00; RO=5.00,SIO2=64.75; AL2O3=2.30; B2O3=6.21; CAO=2.91; K2O=2.25; NA2O=11.28; MgO=2.20; SRO=0.61; BAO=0.54; RO=6.49,SIO2=65.91; AL2O3=0.76; B2O3=11.91; CAO=3.06; K2O=3.66; NA2O=10.52; BAO=1.14; RO=2.71,SIO2=64.75; AL2O3=2.30; B2O3=6.21; CAO=2.91; K2O=2.25; NA2O=11.28; MgO=2.20; SRO=0.61; BAO=0.54; RO=6.49,28.50064806253207,1.485364142731925,,56.26165078883198,0.7597128529871414,0.8237197315118312,False,0.25,0.2,20,0
N-BK7HTi,best_neighbor_mode_b,3223200406889,0.006367723174696942,0.013503209421255474,0.0,ill_posed,SIO2=70.98; AL2O3=1.00; B2O3=13.00; CAO=3.00; NA2O=10.00; BAO=2.00; RO=5.00,SIO2=64.75; AL2O3=2.30; B2O3=6.21; CAO=2.91; K2O=2.25; NA2O=11.28; MgO=2.20; SRO=0.61; BAO=0.54; RO=6.49,SIO2=65.91; AL2O3=0.76; B2O3=11.91; CAO=3.06; K2O=3.66; NA2O=10.52; BAO=1.14; RO=2.71,SIO2=64.75; AL2O3=2.30; B2O3=6.21; CAO=2.91; K2O=2.25; NA2O=11.28; MgO=2.20; SRO=0.61; BAO=0.54; RO=6.49,28.50064806253207,1.485364142731925,,56.26165078883198,0.7597128529871414,0.8237197315118312,False,0.25,0.2,20,0
N-BK7HTSultra,best_neighbor_mode_b,27400020934,0.005432805431216078,0.019948714939503367,0.0,ill_posed,SIO2=52.20; B2O3=21.70; K2O=26.10,SIO2=65.14; AL2O3=0.68; B2O3=10.71; CAO=2.02; K2O=4.21; NA2O=11.39; MgO=0.98; SRO=0.52; RO=3.85,SIO2=71.83; B2O3=10.44; CAO=0.50; K2O=4.31; NA2O=9.91; MgO=1.04; RO=1.47,SIO2=65.14; AL2O3=0.68; B2O3=10.71; CAO=2.02; K2O=4.21; NA2O=11.39; MgO=0.98; SRO=0.52; RO=3.85,8.139833547516755,1.3712783246875158,,12.861707598378452,0.2565745385152962,0.6128694524619495,True,0.55,0.4,20,0
N-ZK7A,best_neighbor_mode_b,28100020816,0.011435640445933119,0.024775895140894948,0.0,ill_posed,SIO2=75.00; B2O3=5.00; NA2O=20.00,SIO2=64.33; AL2O3=1.81; B2O3=3.40; CAO=1.85; K2O=3.76; NA2O=12.49; Li2O=0.55; MgO=3.19; P2O5=2.57; RO=5.92,SIO2=82.78; B2O3=2.48; K2O=0.87; NA2O=10.62; RO=2.10,SIO2=64.33; AL2O3=1.81; B2O3=3.40; CAO=1.85; K2O=3.76; NA2O=12.49; Li2O=0.55; MgO=3.19; P2O5=2.57; RO=5.92,21.29688877876468,2.849948350015888,,77.7093247400828,1.9253180812300452,0.6128694524619495,True,0.3,0.6,20,0
K10,best_neighbor_mode_b,423800003489,0.019084300079550604,0.03158109316833999,0.0,ill_posed,SIO2=75.36; AL2O3=0.53; NA2O=19.40; ZNO=4.64; RO=4.69,SIO2=76.14; NA2O=19.44; PBO=1.31; ZNO=0.58; RO=2.09,SIO2=73.97; AL2O3=0.66; NA2O=20.36; ZNO=1.76; RO=2.70,SIO2=76.14; NA2O=19.44; PBO=1.31; ZNO=0.58; RO=2.09,3.399613295142925,1.2405022061755435,,8.470904066838184,0.26752041055488684,0.3250829733914482,False,0.75,0.6,20,0
N-BK10,best_neighbor_mode_b,685200051793,0.02370586456973174,0.03874962894287205,0.0,ill_posed,SIO2=75.14; NA2O=12.51; MgO=12.35; RO=12.35,SIO2=51.84; B2O3=14.55; K2O=6.71; NA2O=1.55; Li2O=1.89; MgO=7.63; P2O5=8.21; RO=7.62,SIO2=21.41; B2O3=15.00; K2O=7.87; MgO=19.77; P2O5=15.81; RO=19.77,SIO2=51.84; B2O3=14.55; K2O=6.71; NA2O=1.55; Li2O=1.89; MgO=7.63; P2O5=8.21; RO=7.62,73.58652408391133,12.742660396433438,,115.59813462039874,4.479384823028623,0.8864644756797975,False,0.65,0.6,20,0
N-PK52A,best_neighbor_mode_b,3837300455412,0.009910263291903238,0.05157678956551831,0.0,ill_posed,,AL2O3=17.75; BAO=9.66; P2O5=62.92; RO=9.66,AL2O3=16.02; BAO=11.02; P2O5=61.93; RO=11.02,AL2O3=17.75; BAO=9.66; P2O5=62.92; RO=9.66,3.0790541044599338,0.8361825446566133,,6.553146961596126,0.3379902818301591,0.0,False,0.0,0.0,20,0
N-FK5,best_neighbor_mode_b,3048700400968,0.015911413851689173,0.0367906921394497,0.0,ill_posed,SIO2=66.56; B2O3=18.28; K2O=10.65,SIO2=74.94; B2O3=13.55; K2O=11.09,SIO2=76.43; B2O3=11.99; K2O=10.58; NA2O=0.63,SIO2=74.94; B2O3=13.55; K2O=11.09,28.74050338336916,4.0853777223064025,,76.67404673467902,2.8208912485013546,0.639031859650177,False,0.6,0.0,20,0
FK5HTi,best_neighbor_mode_b,3048700400968,0.017363871458208585,0.037374833400067045,0.0,ill_posed,SIO2=66.56; B2O3=18.28; K2O=10.65,SIO2=74.94; B2O3=13.58; K2O=11.11,SIO2=76.28; B2O3=12.04; K2O=10.68; NA2O=0.63,SIO2=74.94; B2O3=13.58; K2O=11.11,28.740503383369163,4.1054070419921755,,76.67404673467902,2.865679722817583,0.639031859650177,False,0.6,0.0,20,0
N-FK51A,best_neighbor_mode_b,4377100531944,0.03384769162213847,0.06389314032381548,0.02564102564102564,ill_posed,,AL2O3=13.05; MgO=1.07; BAO=6.11; P2O5=72.59; RO=7.18,AL2O3=22.11; BAO=3.20; P2O5=71.01; RO=3.34,AL2O3=13.05; MgO=1.07; BAO=6.11; P2O5=72.59; RO=7.18,2.621100381941411,0.43308618802386806,,4.938285122624543,0.31552254429886023,0.0,False,0.0,0.0,20,1
N-FK58,best_neighbor_mode_b,3477700419223,0.02744655437516672,0.051566543694644876,0.05263157894736842,ill_posed,AL2O3=2.38; P2O5=7.14,AL2O3=9.47; CAO=1.81; BAO=18.01; P2O5=50.89; RO=19.82,AL2O3=7.36; BAO=28.04; P2O5=44.18; RO=20.01,AL2O3=9.47; CAO=1.81; BAO=18.01; P2O5=50.89; RO=19.82,1.2074518584971314,0.33176271925960527,,1.5595649067397035,0.08042137190802769,0.0,False,0.0,0.0,20,2
